{"meta":{"worker_type":"custom_50k","worker_label":"$50K Earner","claim_age":65,"sexes":["male","female"],"marital_statuses":["single","married"],"birth_years":[1940,1950,1960,1970,1980,1990,2000,2010],"spouse_assumption":"Same worker type, opposite sex, same birth year, claim age 65"},"data":{"male_single":{"birth_years":[1940,1950,1960,1970,1980,1990,2000,2010],"monthly_benefit":[1309,1485,1856,2495,3301,4264,5525,7254],"pv_benefits":[419114,436803,380173,411952,451088,486907,524847,575129],"pv_taxes":[415268,382568,282648,283887,313791,344492,365399,372034],"ratio":[1.0093,1.1418,1.345,1.4511,1.4375,1.4134,1.4364,1.5459],"irr":[0.057452,0.04693,0.045335,0.04814,0.05121,0.053666,0.055478,0.058111],"repl_rate":[0.583383,0.544534,0.527562,0.577971,0.622829,0.661478,0.699951,0.748168],"initial_real_benefit":[2053.55,1952.75,1856,2036.36,2199.38,2319.22,2453.17,2629.31],"death_age":[82.8,83.5,84.3,84.9,85.5,86.1,86.6,87.2]},"male_married":{"birth_years":[1940,1950,1960,1970,1980,1990,2000,2010],"monthly_benefit":[1309,1485,1856,2495,3301,4264,5525,7254],"pv_benefits":[419114,436803,380173,411952,451088,486907,524847,575129],"pv_taxes":[415268,382568,282648,283887,313791,344492,365399,372034],"ratio":[1.0093,1.1418,1.345,1.4511,1.4375,1.4134,1.4364,1.5459],"irr":[0.057452,0.04693,0.045335,0.04814,0.05121,0.053666,0.055478,0.058111],"repl_rate":[0.583383,0.544534,0.527562,0.577971,0.622829,0.661478,0.699951,0.748168],"initial_real_benefit":[2053.55,1952.75,1856,2036.36,2199.38,2319.22,2453.17,2629.31],"death_age":[82.8,83.5,84.3,84.9,85.5,86.1,86.6,87.2],"couple_pv_benefits":[903330,931084,801140,865390,944265,1017625,1093775,1194933],"couple_pv_taxes":[830536,765136,565296,567774,627583,688983,730798,744069],"couple_ratio":[1.0876,1.2169,1.4172,1.5242,1.5046,1.477,1.4967,1.6059]},"female_single":{"birth_years":[1940,1950,1960,1970,1980,1990,2000,2010],"monthly_benefit":[1309,1485,1856,2495,3301,4264,5525,7254],"pv_benefits":[484216,494281,420967,453439,493177,530718,568929,619804],"pv_taxes":[415268,382568,282648,283887,313791,344492,365399,372034],"ratio":[1.166,1.292,1.4894,1.5973,1.5717,1.5406,1.557,1.666],"irr":[0.061288,0.05074,0.048583,0.051116,0.05388,0.056154,0.057716,0.060086],"repl_rate":[0.583383,0.544534,0.527562,0.577971,0.622829,0.661478,0.699951,0.748168],"initial_real_benefit":[2053.55,1952.75,1856,2036.36,2199.38,2319.22,2453.17,2629.31],"death_age":[85.4,86.1,86.8,87.4,87.9,88.5,88.9,89.4]},"female_married":{"birth_years":[1940,1950,1960,1970,1980,1990,2000,2010],"monthly_benefit":[1309,1485,1856,2495,3301,4264,5525,7254],"pv_benefits":[484216,494281,420967,453439,493177,530718,568929,619804],"pv_taxes":[415268,382568,282648,283887,313791,344492,365399,372034],"ratio":[1.166,1.292,1.4894,1.5973,1.5717,1.5406,1.557,1.666],"irr":[0.061288,0.05074,0.048583,0.051116,0.05388,0.056154,0.057716,0.060086],"repl_rate":[0.583383,0.544534,0.527562,0.577971,0.622829,0.661478,0.699951,0.748168],"initial_real_benefit":[2053.55,1952.75,1856,2036.36,2199.38,2319.22,2453.17,2629.31],"death_age":[85.4,86.1,86.8,87.4,87.9,88.5,88.9,89.4],"couple_pv_benefits":[903330,931084,801140,865390,944265,1017625,1093775,1194933],"couple_pv_taxes":[830536,765136,565296,567774,627583,688983,730798,744069],"couple_ratio":[1.0876,1.2169,1.4172,1.5242,1.5046,1.477,1.4967,1.6059]}}}
