{"meta":{"worker_type":"custom_50k","worker_label":"$50K Earner","claim_age":65,"sexes":["male","female"],"spouse_types":["very_low","low","medium","high","max","custom_50k"],"birth_years":[1940,1950,1960,1970,1980,1990,2000,2010],"dim_key_format":"Single: {sex}_single | Married: {sex}_married_{spouse_type}"},"data":{"male_single":{"birth_years":[1940,1950,1960,1970,1980,1990,2000,2010],"monthly_benefit":[1309,1485,1856,2495,3301,4264,5525,7254],"pv_benefits":[419114,436803,380173,411952,451088,486907,524847,575129],"pv_taxes":[415268,382568,282648,283887,313791,344492,365399,372034],"ratio":[1.0093,1.1418,1.345,1.4511,1.4375,1.4134,1.4364,1.5459],"irr":[0.057452,0.04693,0.045335,0.04814,0.05121,0.053666,0.055478,0.058111],"repl_rate":[0.583383,0.544534,0.527562,0.577971,0.622829,0.661478,0.699951,0.748168],"initial_real_benefit":[2053.55,1952.75,1856,2036.36,2199.38,2319.22,2453.17,2629.31],"death_age":[82.8,83.5,84.3,84.9,85.5,86.1,86.6,87.2]},"male_married_very_low":{"birth_years":[1940,1950,1960,1970,1980,1990,2000,2010],"monthly_benefit":[1309,1485,1856,2495,3301,4264,5525,7254],"pv_benefits":[419114,436803,380173,411952,451088,486907,524847,575129],"pv_taxes":[415268,382568,282648,283887,313791,344492,365399,372034],"ratio":[1.0093,1.1418,1.345,1.4511,1.4375,1.4134,1.4364,1.5459],"irr":[0.057452,0.04693,0.045335,0.04814,0.05121,0.053666,0.055478,0.058111],"repl_rate":[0.583383,0.544534,0.527562,0.577971,0.622829,0.661478,0.699951,0.748168],"initial_real_benefit":[2053.55,1952.75,1856,2036.36,2199.38,2319.22,2453.17,2629.31],"death_age":[82.8,83.5,84.3,84.9,85.5,86.1,86.6,87.2],"couple_pv_benefits":[692319,710321,615654,685012,770999,860402,956735,1079061],"couple_pv_taxes":[511336,482358,366503,380390,436717,502475,560857,602519],"couple_ratio":[1.3539,1.4726,1.6798,1.8008,1.7654,1.7123,1.7058,1.7909]},"male_married_low":{"birth_years":[1940,1950,1960,1970,1980,1990,2000,2010],"monthly_benefit":[1309,1485,1856,2495,3301,4264,5525,7254],"pv_benefits":[419114,436803,380173,411952,451088,486907,524847,575129],"pv_taxes":[415268,382568,282648,283887,313791,344492,365399,372034],"ratio":[1.0093,1.1418,1.345,1.4511,1.4375,1.4134,1.4364,1.5459],"irr":[0.057452,0.04693,0.045335,0.04814,0.05121,0.053666,0.055478,0.058111],"repl_rate":[0.583383,0.544534,0.527562,0.577971,0.622829,0.661478,0.699951,0.748168],"initial_real_benefit":[2053.55,1952.75,1856,2036.36,2199.38,2319.22,2453.17,2629.31],"death_age":[82.8,83.5,84.3,84.9,85.5,86.1,86.6,87.2],"couple_pv_benefits":[723156,764611,676110,756702,856933,964020,1082455,1230981],"couple_pv_taxes":[588239,562252,433635,457633,535108,628933,717325,787032],"couple_ratio":[1.2294,1.3599,1.5592,1.6535,1.6014,1.5328,1.509,1.5641]},"male_married_medium":{"birth_years":[1940,1950,1960,1970,1980,1990,2000,2010],"monthly_benefit":[1309,1485,1856,2495,3301,4264,5525,7254],"pv_benefits":[419114,436803,380173,411952,451088,486907,524847,575129],"pv_taxes":[415268,382568,282648,283887,313791,344492,365399,372034],"ratio":[1.0093,1.1418,1.345,1.4511,1.4375,1.4134,1.4364,1.5459],"irr":[0.057452,0.04693,0.045335,0.04814,0.05121,0.053666,0.055478,0.058111],"repl_rate":[0.583383,0.544534,0.527562,0.577971,0.622829,0.661478,0.699951,0.748168],"initial_real_benefit":[2053.55,1952.75,1856,2036.36,2199.38,2319.22,2453.17,2629.31],"death_age":[82.8,83.5,84.3,84.9,85.5,86.1,86.6,87.2],"couple_pv_benefits":[878424,946387,854884,971499,1116756,1274019,1444646,1657012],"couple_pv_taxes":[799661,781861,618166,669992,805621,976603,1147467,1294255],"couple_ratio":[1.0985,1.2104,1.3829,1.45,1.3862,1.3045,1.259,1.2803]},"male_married_high":{"birth_years":[1940,1950,1960,1970,1980,1990,2000,2010],"monthly_benefit":[1309,1485,1856,2495,3301,4264,5894,8333],"pv_benefits":[419114,436803,380173,411952,451088,486907,559892,660667],"pv_taxes":[415268,382568,282648,283887,313791,344492,365399,372034],"ratio":[1.0093,1.1418,1.345,1.4511,1.4375,1.4134,1.5323,1.7758],"irr":[0.057452,0.04693,0.045335,0.04814,0.05121,0.053666,0.057589,0.06256],"repl_rate":[0.583383,0.544534,0.527562,0.577971,0.622829,0.661478,0.746698,0.859455],"initial_real_benefit":[2053.55,1952.75,1856,2036.36,2199.38,2319.22,2617.01,3020.41],"death_age":[82.8,83.5,84.3,84.9,85.5,86.1,86.6,87.2],"couple_pv_benefits":[1023849,1111528,1006896,1152151,1331814,1528358,1776911,2092102],"couple_pv_taxes":[1025383,1021447,819489,901658,1100716,1355867,1616717,1847603],"couple_ratio":[0.9985,1.0882,1.2287,1.2778,1.21,1.1272,1.0991,1.1323]},"male_married_max":{"birth_years":[1940,1950,1960,1970,1980,1990,2000,2010],"monthly_benefit":[1309,1485,1856,2495,3594,5075,7142,10109],"pv_benefits":[419114,436803,380173,411952,491163,579592,678456,801459],"pv_taxes":[415268,382568,282648,283887,313791,344492,365399,372034],"ratio":[1.0093,1.1418,1.345,1.4511,1.5653,1.6825,1.8568,2.1543],"irr":[0.057452,0.04693,0.045335,0.04814,0.054055,0.059444,0.063816,0.068705],"repl_rate":[0.583383,0.544534,0.527562,0.577971,0.678112,0.787289,0.904805,1.042629],"initial_real_benefit":[2053.55,1952.75,1856,2036.36,2394.6,2760.33,3171.13,3664.14],"death_age":[82.8,83.5,84.3,84.9,85.5,86.1,86.6,87.2],"couple_pv_benefits":[1112254,1252766,1145512,1317617,1568862,1851308,2162792,2548514],"couple_pv_taxes":[1221976,1370876,1212527,1336109,1629585,2022816,2477152,2897896],"couple_ratio":[0.9102,0.9138,0.9447,0.9862,0.9627,0.9152,0.8731,0.8794]},"male_married_custom_50k":{"birth_years":[1940,1950,1960,1970,1980,1990,2000,2010],"monthly_benefit":[1309,1485,1856,2495,3301,4264,5525,7254],"pv_benefits":[419114,436803,380173,411952,451088,486907,524847,575129],"pv_taxes":[415268,382568,282648,283887,313791,344492,365399,372034],"ratio":[1.0093,1.1418,1.345,1.4511,1.4375,1.4134,1.4364,1.5459],"irr":[0.057452,0.04693,0.045335,0.04814,0.05121,0.053666,0.055478,0.058111],"repl_rate":[0.583383,0.544534,0.527562,0.577971,0.622829,0.661478,0.699951,0.748168],"initial_real_benefit":[2053.55,1952.75,1856,2036.36,2199.38,2319.22,2453.17,2629.31],"death_age":[82.8,83.5,84.3,84.9,85.5,86.1,86.6,87.2],"couple_pv_benefits":[903330,931084,801140,865390,944265,1017625,1093775,1194933],"couple_pv_taxes":[830536,765136,565296,567774,627583,688983,730798,744069],"couple_ratio":[1.0876,1.2169,1.4172,1.5242,1.5046,1.477,1.4967,1.6059]},"female_single":{"birth_years":[1940,1950,1960,1970,1980,1990,2000,2010],"monthly_benefit":[1309,1485,1856,2495,3301,4264,5525,7254],"pv_benefits":[484216,494281,420967,453439,493177,530718,568929,619804],"pv_taxes":[415268,382568,282648,283887,313791,344492,365399,372034],"ratio":[1.166,1.292,1.4894,1.5973,1.5717,1.5406,1.557,1.666],"irr":[0.061288,0.05074,0.048583,0.051116,0.05388,0.056154,0.057716,0.060086],"repl_rate":[0.583383,0.544534,0.527562,0.577971,0.622829,0.661478,0.699951,0.748168],"initial_real_benefit":[2053.55,1952.75,1856,2036.36,2199.38,2319.22,2453.17,2629.31],"death_age":[85.4,86.1,86.8,87.4,87.9,88.5,88.9,89.4]},"female_married_very_low":{"birth_years":[1940,1950,1960,1970,1980,1990,2000,2010],"monthly_benefit":[1309,1485,1856,2495,3301,4264,5525,7254],"pv_benefits":[484216,494281,420967,453439,493177,530718,568929,619804],"pv_taxes":[415268,382568,282648,283887,313791,344492,365399,372034],"ratio":[1.166,1.292,1.4894,1.5973,1.5717,1.5406,1.557,1.666],"irr":[0.061288,0.05074,0.048583,0.051116,0.05388,0.056154,0.057716,0.060086],"repl_rate":[0.583383,0.544534,0.527562,0.577971,0.622829,0.661478,0.699951,0.748168],"initial_real_benefit":[2053.55,1952.75,1856,2036.36,2199.38,2319.22,2453.17,2629.31],"death_age":[85.4,86.1,86.8,87.4,87.9,88.5,88.9,89.4],"couple_pv_benefits":[693327,712304,618939,688669,775053,865036,961817,1084621],"couple_pv_taxes":[511336,482358,366503,380390,436717,502475,560857,602519],"couple_ratio":[1.3559,1.4767,1.6888,1.8104,1.7747,1.7216,1.7149,1.8001]},"female_married_low":{"birth_years":[1940,1950,1960,1970,1980,1990,2000,2010],"monthly_benefit":[1309,1485,1856,2495,3301,4264,5525,7254],"pv_benefits":[484216,494281,420967,453439,493177,530718,568929,619804],