{"meta":{"worker_type":"high","worker_label":"High Earner","claim_age":65,"sexes":["male","female"],"marital_statuses":["single","married"],"birth_years":[1940,1950,1960,1970,1980,1990,2000,2010],"spouse_assumption":"Same worker type, opposite sex, same birth year, claim age 65"},"data":{"male_single":{"birth_years":[1940,1950,1960,1970,1980,1990,2000,2010],"monthly_benefit":[1635,2027,2763,4072,5896,8367,11818,16754],"pv_benefits":[523424,596260,565995,672469,805559,955481,1122719,1328255],"pv_taxes":[610115,638879,536841,617771,786924,1011376,1251318,1475569],"ratio":[0.8579,0.9333,1.0543,1.0885,1.0237,0.9447,0.8972,0.9002],"irr":[0.050901,0.039525,0.036874,0.038348,0.039684,0.04006,0.039863,0.040428],"repl_rate":[0.491994,0.445089,0.413508,0.433473,0.443595,0.442112,0.437199,0.435677],"initial_real_benefit":[2564.98,2665.48,2763,3323.48,3928.37,4550.87,5247.33,6072.72],"death_age":[82.8,83.5,84.3,84.9,85.5,86.1,86.6,87.2]},"male_married":{"birth_years":[1940,1950,1960,1970,1980,1990,2000,2010],"monthly_benefit":[1635,2027,2763,4072,5896,8367,11818,16754],"pv_benefits":[523424,596260,565995,672469,805559,955481,1122719,1328255],"pv_taxes":[610115,638879,536841,617771,786924,1011376,1251318,1475569],"ratio":[0.8579,0.9333,1.0543,1.0885,1.0237,0.9447,0.8972,0.9002],"irr":[0.050901,0.039525,0.036874,0.038348,0.039684,0.04006,0.039863,0.040428],"repl_rate":[0.491994,0.445089,0.413508,0.433473,0.443595,0.442112,0.437199,0.435677],"initial_real_benefit":[2564.98,2665.48,2763,3323.48,3928.37,4550.87,5247.33,6072.72],"death_age":[82.8,83.5,84.3,84.9,85.5,86.1,86.6,87.2],"couple_pv_benefits":[1128158,1270985,1192719,1412669,1686285,1996932,2339738,2759690],"couple_pv_taxes":[1220230,1277758,1073681,1235543,1573848,2022751,2502636,2951137],"couple_ratio":[0.9245,0.9947,1.1109,1.1434,1.0714,0.9872,0.9349,0.9351]},"female_single":{"birth_years":[1940,1950,1960,1970,1980,1990,2000,2010],"monthly_benefit":[1635,2027,2763,4072,5896,8367,11818,16754],"pv_benefits":[604735,674725,626724,740200,880726,1041451,1217019,1431435],"pv_taxes":[610115,638879,536841,617771,786924,1011376,1251318,1475569],"ratio":[0.9912,1.0561,1.1674,1.1982,1.1192,1.0297,0.9726,0.9701],"irr":[0.055055,0.04367,0.040471,0.041715,0.042781,0.043032,0.042614,0.042939],"repl_rate":[0.491994,0.445089,0.413508,0.433473,0.443595,0.442112,0.437199,0.435677],"initial_real_benefit":[2564.98,2665.48,2763,3323.48,3928.37,4550.87,5247.33,6072.72],"death_age":[85.4,86.1,86.8,87.4,87.9,88.5,88.9,89.4]},"female_married":{"birth_years":[1940,1950,1960,1970,1980,1990,2000,2010],"monthly_benefit":[1635,2027,2763,4072,5896,8367,11818,16754],"pv_benefits":[604735,674725,626724,740200,880726,1041451,1217019,1431435],"pv_taxes":[610115,638879,536841,617771,786924,1011376,1251318,1475569],"ratio":[0.9912,1.0561,1.1674,1.1982,1.1192,1.0297,0.9726,0.9701],"irr":[0.055055,0.04367,0.040471,0.041715,0.042781,0.043032,0.042614,0.042939],"repl_rate":[0.491994,0.445089,0.413508,0.433473,0.443595,0.442112,0.437199,0.435677],"initial_real_benefit":[2564.98,2665.48,2763,3323.48,3928.37,4550.87,5247.33,6072.72],"death_age":[85.4,86.1,86.8,87.4,87.9,88.5,88.9,89.4],"couple_pv_benefits":[1128158,1270985,1192719,1412669,1686285,1996932,2339738,2759690],"couple_pv_taxes":[1220230,1277758,1073681,1235543,1573848,2022751,2502636,2951137],"couple_ratio":[0.9245,0.9947,1.1109,1.1434,1.0714,0.9872,0.9349,0.9351]}}}
