{"meta":{"worker_type":"high","worker_label":"High Earner","claim_age":65,"sexes":["male","female"],"spouse_types":["very_low","low","medium","high","max","custom_50k"],"birth_years":[1940,1950,1960,1970,1980,1990,2000,2010],"dim_key_format":"Single: {sex}_single | Married: {sex}_married_{spouse_type}"},"data":{"male_single":{"birth_years":[1940,1950,1960,1970,1980,1990,2000,2010],"monthly_benefit":[1635,2027,2763,4072,5896,8367,11818,16754],"pv_benefits":[523424,596260,565995,672469,805559,955481,1122719,1328255],"pv_taxes":[610115,638879,536841,617771,786924,1011376,1251318,1475569],"ratio":[0.8579,0.9333,1.0543,1.0885,1.0237,0.9447,0.8972,0.9002],"irr":[0.050901,0.039525,0.036874,0.038348,0.039684,0.04006,0.039863,0.040428],"repl_rate":[0.491994,0.445089,0.413508,0.433473,0.443595,0.442112,0.437199,0.435677],"initial_real_benefit":[2564.98,2665.48,2763,3323.48,3928.37,4550.87,5247.33,6072.72],"death_age":[82.8,83.5,84.3,84.9,85.5,86.1,86.6,87.2]},"male_married_very_low":{"birth_years":[1940,1950,1960,1970,1980,1990,2000,2010],"monthly_benefit":[1635,2027,2763,4072,5896,8367,11818,16754],"pv_benefits":[523424,596260,565995,672469,805559,955481,1122719,1328255],"pv_taxes":[610115,638879,536841,617771,786924,1011376,1251318,1475569],"ratio":[0.8579,0.9333,1.0543,1.0885,1.0237,0.9447,0.8972,0.9002],"irr":[0.050901,0.039525,0.036874,0.038348,0.039684,0.04006,0.039863,0.040428],"repl_rate":[0.491994,0.445089,0.413508,0.433473,0.443595,0.442112,0.437199,0.435677],"initial_real_benefit":[2564.98,2665.48,2763,3323.48,3928.37,4550.87,5247.33,6072.72],"death_age":[82.8,83.5,84.3,84.9,85.5,86.1,86.6,87.2],"couple_pv_benefits":[864522,969044,903069,1068810,1274736,1508968,1766755,2082299],"couple_pv_taxes":[706182,738669,620695,714274,909850,1169359,1446777,1706053],"couple_ratio":[1.2242,1.3119,1.4549,1.4964,1.401,1.2904,1.2212,1.2205]},"male_married_low":{"birth_years":[1940,1950,1960,1970,1980,1990,2000,2010],"monthly_benefit":[1635,2027,2763,4072,5896,8367,11818,16754],"pv_benefits":[523424,596260,565995,672469,805559,955481,1122719,1328255],"pv_taxes":[610115,638879,536841,617771,786924,1011376,1251318,1475569],"ratio":[0.8579,0.9333,1.0543,1.0885,1.0237,0.9447,0.8972,0.9002],"irr":[0.050901,0.039525,0.036874,0.038348,0.039684,0.04006,0.039863,0.040428],"repl_rate":[0.491994,0.445089,0.413508,0.433473,0.443595,0.442112,0.437199,0.435677],"initial_real_benefit":[2564.98,2665.48,2763,3323.48,3928.37,4550.87,5247.33,6072.72],"death_age":[82.8,83.5,84.3,84.9,85.5,86.1,86.6,87.2],"couple_pv_benefits":[864759,969612,904387,1070444,1276815,1511507,1769875,2086106],"couple_pv_taxes":[783086,818564,687828,791518,1008241,1295817,1603244,1890567],"couple_ratio":[1.1043,1.1845,1.3148,1.3524,1.2664,1.1665,1.1039,1.1034]},"male_married_medium":{"birth_years":[1940,1950,1960,1970,1980,1990,2000,2010],"monthly_benefit":[1635,2027,2763,4072,5896,8367,11818,16754],"pv_benefits":[523424,596260,565995,672469,805559,955481,1122719,1328255],"pv_taxes":[610115,638879,536841,617771,786924,1011376,1251318,1475569],"ratio":[0.8579,0.9333,1.0543,1.0885,1.0237,0.9447,0.8972,0.9002],"irr":[0.050901,0.039525,0.036874,0.038348,0.039684,0.04006,0.039863,0.040428],"repl_rate":[0.491994,0.445089,0.413508,0.433473,0.443595,0.442112,0.437199,0.435677],"initial_real_benefit":[2564.98,2665.48,2763,3323.48,3928.37,4550.87,5247.33,6072.72],"death_age":[82.8,83.5,84.3,84.9,85.5,86.1,86.6,87.2],"couple_pv_benefits":[998942,1120797,1048343,1240661,1480833,1753584,2054580,2423333],"couple_pv_taxes":[994508,1038172,872359,1003877,1278753,1643487,2033387,2397789],"couple_ratio":[1.0045,1.0796,1.2017,1.2359,1.158,1.067,1.0104,1.0107]},"male_married_high":{"birth_years":[1940,1950,1960,1970,1980,1990,2000,2010],"monthly_benefit":[1635,2027,2763,4072,5896,8367,11818,16754],"pv_benefits":[523424,596260,565995,672469,805559,955481,1122719,1328255],"pv_taxes":[610115,638879,536841,617771,786924,1011376,1251318,1475569],"ratio":[0.8579,0.9333,1.0543,1.0885,1.0237,0.9447,0.8972,0.9002],"irr":[0.050901,0.039525,0.036874,0.038348,0.039684,0.04006,0.039863,0.040428],"repl_rate":[0.491994,0.445089,0.413508,0.433473,0.443595,0.442112,0.437199,0.435677],"initial_real_benefit":[2564.98,2665.48,2763,3323.48,3928.37,4550.87,5247.33,6072.72],"death_age":[82.8,83.5,84.3,84.9,85.5,86.1,86.6,87.2],"couple_pv_benefits":[1128158,1270985,1192719,1412669,1686285,1996932,2339738,2759690],"couple_pv_taxes":[1220230,1277758,1073681,1235543,1573848,2022751,2502636,2951137],"couple_ratio":[0.9245,0.9947,1.1109,1.1434,1.0714,0.9872,0.9349,0.9351]},"male_married_max":{"birth_years":[1940,1950,1960,1970,1980,1990,2000,2010],"monthly_benefit":[1635,2027,2763,4072,5896,8367,11818,16754],"pv_benefits":[523424,596260,565995,672469,805559,955481,1122719,1328255],"pv_taxes":[610115,638879,536841,617771,786924,1011376,1251318,1475569],"ratio":[0.8579,0.9333,1.0543,1.0885,1.0237,0.9447,0.8972,0.9002],"irr":[0.050901,0.039525,0.036874,0.038348,0.039684,0.04006,0.039863,0.040428],"repl_rate":[0.491994,0.445089,0.413508,0.433473,0.443595,0.442112,0.437199,0.435677],"initial_real_benefit":[2564.98,2665.48,2763,3323.48,3928.37,4550.87,5247.33,6072.72],"death_age":[82.8,83.5,84.3,84.9,85.5,86.1,86.6,87.2],"couple_pv_benefits":[1216564,1412223,1331334,1578134,1883257,2227197,2607055,3075309],"couple_pv_taxes":[1416823,1627187,1466720,1669993,2102718,2689700,3363071,4001430],"couple_ratio":[0.8587,0.8679,0.9077,0.945,0.8956,0.828,0.7752,0.7686]},"male_married_custom_50k":{"birth_years":[1940,1950,1960,1970,1980,1990,2000,2010],"monthly_benefit":[1635,2027,2763,4072,5896,8367,11818,16754],"pv_benefits":[523424,596260,565995,672469,805559,955481,1122719,1328255],"pv_taxes":[610115,638879,536841,617771,786924,1011376,1251318,1475569],"ratio":[0.8579,0.9333,1.0543,1.0885,1.0237,0.9447,0.8972,0.9002],"irr":[0.050901,0.039525,0.036874,0.038348,0.039684,0.04006,0.039863,0.040428],"repl_rate":[0.491994,0.445089,0.413508,0.433473,0.443595,0.442112,0.437199,0.435677],"initial_real_benefit":[2564.98,2665.48,2763,3323.48,3928.37,4550.87,5247.33,6072.72],"death_age":[82.8,83.5,84.3,84.9,85.5,86.1,86.6,87.2],"couple_pv_benefits":[1021566,1107398,1000607,1145762,1325332,1521613,1770123,2085224],"couple_pv_taxes":[1025383,1021447,819489,901658,1100716,1355867,1616717,1847603],"couple_ratio":[0.9963,1.0841,1.221,1.2707,1.2041,1.1222,1.0949,1.1286]},"female_single":{"birth_years":[1940,1950,1960,1970,1980,1990,2000,2010],"monthly_benefit":[1635,2027,2763,4072,5896,8367,11818,16754],"pv_benefits":[604735,674725,626724,740200,880726,1041451,1217019,1431435],"pv_taxes":[610115,638879,536841,617771,786924,1011376,1251318,1475569],"ratio":[0.9912,1.0561,1.1674,1.1982,1.1192,1.0297,0.9726,0.9701],"irr":[0.055055,0.04367,0.040471,0.041715,0.042781,0.043032,0.042614,0.042939],"repl_rate":[0.491994,0.445089,0.413508,0.433473,0.443595,0.442112,0.437199,0.435677],"initial_real_benefit":[2564.98,2665.48,2763,3323.48,3928.37,4550.87,5247.33,6072.72],"death_age":[85.4,86.1,86.8,87.4,87.9,88.5,88.9,89.4]},"female_married_very_low":{"birth_years":[1940,1950,1960,1970,1980,1990,2000,2010],"monthly_benefit":[1635,2027,2763,4072,5896,8367,11818,16754],"pv_benefits":[604735,674725,626724,740200,880726,1041451,1217019,1431435],"pv_taxes":[610115,638879,536841,617771,786924,1011376,1251318,1475569],"ratio":[0.9912,1.0561,1.1674,1.1982,1.1192,1.0297,0.9726,0.9701],"irr":[0.055055,0.04367,0.040471,0.041715,0.042781,0.043032,0.042614,0.042939],"repl_rate":[0.491994,0.445089,0.413508,0.433473,0.443595,0.442112,0.437199,0.435677],"initial_real_benefit":[2564.98,2665.48,2763,3323.48,3928.37,4550.87,5247.33,6072.72],"death_age":[85.4,86.1,86.8,87.4,87.9,88.5,88.9,89.4],"couple_pv_benefits":[865531,971027,906354,1072467,1278790,1513602,1771836,2087860],"couple_pv_taxes":[706182,738669,620695,714274,909850,1169359,1446777,1706053],"couple_ratio":[1.2256,1.3146,1.4602,1.5015,1.4055,1.2944,1.2247,1.2238]},"female_married_low":{"birth_years":[1940,1950,1960,1970,1980,1990,2000,2010],