{"meta":{"worker_type":"low","worker_label":"Low Earner","claim_age":65,"sexes":["male","female"],"spouse_types":["very_low","low","medium","high","max","custom_50k"],"birth_years":[1940,1950,1960,1970,1980,1990,2000,2010],"dim_key_format":"Single: {sex}_single | Married: {sex}_married_{spouse_type}"},"data":{"male_single":{"birth_years":[1940,1950,1960,1970,1980,1990,2000,2010],"monthly_benefit":[751,928,1267,1866,2701,3833,5415,7676],"pv_benefits":[240264,272919,259444,308053,369063,437729,514405,608577],"pv_taxes":[172971,179685,150987,173746,221317,284442,351926,414998],"ratio":[1.389,1.5189,1.7183,1.773,1.6676,1.5389,1.4617,1.4665],"irr":[0.069881,0.057235,0.0537,0.054841,0.056159,0.056494,0.056049,0.056409],"repl_rate":[0.803532,0.724543,0.674223,0.7063,0.722566,0.720155,0.712293,0.709751],"initial_real_benefit":[1178.16,1220.31,1267,1522.99,1799.61,2084.8,2404.32,2782.27],"death_age":[82.8,83.5,84.3,84.9,85.5,86.1,86.6,87.2]},"male_married_very_low":{"birth_years":[1940,1950,1960,1970,1980,1990,2000,2010],"monthly_benefit":[751,928,1267,1866,2701,3833,5415,7676],"pv_benefits":[240264,272919,259444,308053,369063,437729,514405,608577],"pv_taxes":[172971,179685,150987,173746,221317,284442,351926,414998],"ratio":[1.389,1.5189,1.7183,1.773,1.6676,1.5389,1.4617,1.4665],"irr":[0.069881,0.057235,0.0537,0.054841,0.056159,0.056494,0.056049,0.056409],"repl_rate":[0.803532,0.724543,0.674223,0.7063,0.722566,0.720155,0.712293,0.709751],"initial_real_benefit":[1178.16,1220.31,1267,1522.99,1799.61,2084.8,2404.32,2782.27],"death_age":[82.8,83.5,84.3,84.9,85.5,86.1,86.6,87.2],"couple_pv_benefits":[460141,515318,481966,570651,681322,806797,945414,1115109],"couple_pv_taxes":[269039,279475,234842,270249,344242,442425,547385,645482],"couple_ratio":[1.7103,1.8439,2.0523,2.1116,1.9792,1.8236,1.7271,1.7276]},"male_married_low":{"birth_years":[1940,1950,1960,1970,1980,1990,2000,2010],"monthly_benefit":[751,928,1267,1866,2701,3833,5415,7676],"pv_benefits":[240264,272919,259444,308053,369063,437729,514405,608577],"pv_taxes":[172971,179685,150987,173746,221317,284442,351926,414998],"ratio":[1.389,1.5189,1.7183,1.773,1.6676,1.5389,1.4617,1.4665],"irr":[0.069881,0.057235,0.0537,0.054841,0.056159,0.056494,0.056049,0.056409],"repl_rate":[0.803532,0.724543,0.674223,0.7063,0.722566,0.720155,0.712293,0.709751],"initial_real_benefit":[1178.16,1220.31,1267,1522.99,1799.61,2084.8,2404.32,2782.27],"death_age":[82.8,83.5,84.3,84.9,85.5,86.1,86.6,87.2],"couple_pv_benefits":[517842,581754,546723,647131,772563,914843,1072012,1264430],"couple_pv_taxes":[345942,359369,301974,347493,442633,568883,703852,829996],"couple_ratio":[1.4969,1.6188,1.8105,1.8623,1.7454,1.6081,1.5231,1.5234]},"male_married_medium":{"birth_years":[1940,1950,1960,1970,1980,1990,2000,2010],"monthly_benefit":[751,928,1267,1866,2701,3833,5415,7676],"pv_benefits":[240264,272919,259444,308053,369063,437729,514405,608577],"pv_taxes":[172971,179685,150987,173746,221317,284442,351926,414998],"ratio":[1.389,1.5189,1.7183,1.773,1.6676,1.5389,1.4617,1.4665],"irr":[0.069881,0.057235,0.0537,0.054841,0.056159,0.056494,0.056049,0.056409],"repl_rate":[0.803532,0.724543,0.674223,0.7063,0.722566,0.720155,0.712293,0.709751],"initial_real_benefit":[1178.16,1220.31,1267,1522.99,1799.61,2084.8,2404.32,2782.27],"death_age":[82.8,83.5,84.3,84.9,85.5,86.1,86.6,87.2],"couple_pv_benefits":[698194,782502,734156,867601,1034731,1224842,1434204,1690460],"couple_pv_taxes":[557364,578978,486505,559852,713146,916553,1133995,1337219],"couple_ratio":[1.2527,1.3515,1.509,1.5497,1.4509,1.3364,1.2647,1.2642]},"male_married_high":{"birth_years":[1940,1950,1960,1970,1980,1990,2000,2010],"monthly_benefit":[817,1011,1377,2029,2937,4169,5890,8349],"pv_benefits":[261349,297477,281965,335034,401395,476124,559510,661947],"pv_taxes":[172971,179685,150987,173746,221317,284442,351926,414998],"ratio":[1.5109,1.6555,1.8675,1.9283,1.8137,1.6739,1.5898,1.5951],"irr":[0.0731,0.060304,0.056511,0.057622,0.058938,0.059275,0.058789,0.059117],"repl_rate":[0.874149,0.789346,0.732758,0.767997,0.785701,0.783283,0.774774,0.771979],"initial_real_benefit":[1281.7,1329.45,1377,1656.02,1956.86,2267.55,2615.23,3026.21],"death_age":[82.8,83.5,84.3,84.9,85.5,86.1,86.6,87.2],"couple_pv_benefits":[866084,972202,908689,1075234,1282121,1517575,1776528,2093382],"couple_pv_taxes":[783086,818564,687828,791518,1008241,1295817,1603244,1890567],"couple_ratio":[1.106,1.1877,1.3211,1.3584,1.2716,1.1711,1.1081,1.1073]},"male_married_max":{"birth_years":[1940,1950,1960,1970,1980,1990,2000,2010],"monthly_benefit":[935,1220,1670,2467,3571,5058,7137,10125],"pv_benefits":[299252,358769,342138,407311,488011,577692,678067,802744],"pv_taxes":[172971,179685,150987,173746,221317,284442,351926,414998],"ratio":[1.7301,1.9967,2.266,2.3443,2.205,2.031,1.9267,1.9343],"irr":[0.078237,0.066921,0.062987,0.064032,0.065343,0.065618,0.065007,0.065285],"repl_rate":[1.000403,0.952525,0.888676,0.933784,0.955307,0.950311,0.938806,0.936195],"initial_real_benefit":[1466.82,1604.28,1670,2013.51,2379.27,2751.08,3168.91,3669.94],"death_age":[82.8,83.5,84.3,84.9,85.5,86.1,86.6,87.2],"couple_pv_benefits":[992392,1174732,1107478,1312976,1565710,1849408,2162403,2549798],"couple_pv_taxes":[979679,1167993,1080866,1225968,1537110,1962766,2463679,2940860],"couple_ratio":[1.013,1.0058,1.0246,1.071,1.0186,0.9422,0.8777,0.867]},"male_married_custom_50k":{"birth_years":[1940,1950,1960,1970,1980,1990,2000,2010],"monthly_benefit":[751,928,1267,1866,2701,3833,5415,7676],"pv_benefits":[240264,272919,259444,308053,369063,437729,514405,608577],"pv_taxes":[172971,179685,150987,173746,221317,284442,351926,414998],"ratio":[1.389,1.5189,1.7183,1.773,1.6676,1.5389,1.4617,1.4665],"irr":[0.069881,0.057235,0.0537,0.054841,0.056159,0.056494,0.056049,0.056409],"repl_rate":[0.803532,0.724543,0.674223,0.7063,0.722566,0.720155,0.712293,0.709751],"initial_real_benefit":[1178.16,1220.31,1267,1522.99,1799.61,2084.8,2404.32,2782.27],"death_age":[82.8,83.5,84.3,84.9,85.5,86.1,86.6,87.2],"couple_pv_benefits":[724480,767200,680412,761492,862240,968447,1083333,1228381],"couple_pv_taxes":[588239,562252,433635,457633,535108,628933,717325,787032],"couple_ratio":[1.2316,1.3645,1.5691,1.664,1.6113,1.5398,1.5102,1.5608]},"female_single":{"birth_years":[1940,1950,1960,1970,1980,1990,2000,2010],"monthly_benefit":[751,928,1267,1866,2701,3833,5415,7676],"pv_benefits":[277578,308836,287279,339078,403500,477113,557608,655853],"pv_taxes":[172971,179685,150987,173746,221317,284442,351926,414998],"ratio":[1.6048,1.7188,1.9027,1.9516,1.8232,1.6774,1.5844,1.5804],"irr":[0.07319,0.060617,0.056632,0.057573,0.058662,0.05889,0.05827,0.058431],"repl_rate":[0.803532,0.724543,0.674223,0.7063,0.722566,0.720155,0.712293,0.709751],"initial_real_benefit":[1178.16,1220.31,1267,1522.99,1799.61,2084.8,2404.32,2782.27],"death_age":[85.4,86.1,86.8,87.4,87.9,88.5,88.9,89.4]},"female_married_very_low":{"birth_years":[1940,1950,1960,1970,1980,1990,2000,2010],"monthly_benefit":[751,928,1267,1866,2701,3833,5415,7676],"pv_benefits":[277578,308836,287279,339078,403500,477113,557608,655853],"pv_taxes":[172971,179685,150987,173746,221317,284442,351926,414998],"ratio":[1.6048,1.7188,1.9027,1.9516,1.8232,1.6774,1.5844,1.5804],"irr":[0.07319,0.060617,0.056632,0.057573,0.058662,0.05889,0.05827,0.058431],"repl_rate":[0.803532,0.724543,0.674223,0.7063,0.722566,0.720155,0.712293,0.709751],"initial_real_benefit":[1178.16,1220.31,1267,1522.99,1799.61,2084.8,2404.32,2782.27],"death_age":[85.4,86.1,86.8,87.4,87.9,88.5,88.9,89.4],"couple_pv_benefits":[461149,517301,485251,574308,685376,811431,950496,1120669],"couple_pv_taxes":[269039,279475,234842,270249,344242,442425,547385,645482],"couple_ratio":[1.7141,1.851,2.0663,2.1251,1.991,1.8341,1.7364,1.7362]},"female_married_low":{"birth_years":[1940,1950,1960,1970,1980,1990,2000,2010],"monthly_benefit":[751,928,1267,1866,2701,3833,5415,7676],"pv_benefits":[277578,308836,287279,339078,403500,477113,557608,655853],