{"meta":{"worker_type":"low","worker_label":"Low Earner","claim_age":65,"sexes":["male","female"],"marital_statuses":["single","married"],"birth_years":[1940,1950,1960,1970,1980,1990,2000,2010],"spouse_assumption":"Same worker type, opposite sex, same birth year, claim age 65"},"data":{"male_single":{"birth_years":[1940,1950,1960,1970,1980,1990,2000,2010],"monthly_benefit":[751,928,1267,1866,2701,3833,5415,7676],"pv_benefits":[240264,272919,259444,308053,369063,437729,514405,608577],"pv_taxes":[172971,179685,150987,173746,221317,284442,351926,414998],"ratio":[1.389,1.5189,1.7183,1.773,1.6676,1.5389,1.4617,1.4665],"irr":[0.069881,0.057235,0.0537,0.054841,0.056159,0.056494,0.056049,0.056409],"repl_rate":[0.803532,0.724543,0.674223,0.7063,0.722566,0.720155,0.712293,0.709751],"initial_real_benefit":[1178.16,1220.31,1267,1522.99,1799.61,2084.8,2404.32,2782.27],"death_age":[82.8,83.5,84.3,84.9,85.5,86.1,86.6,87.2]},"male_married":{"birth_years":[1940,1950,1960,1970,1980,1990,2000,2010],"monthly_benefit":[751,928,1267,1866,2701,3833,5415,7676],"pv_benefits":[240264,272919,259444,308053,369063,437729,514405,608577],"pv_taxes":[172971,179685,150987,173746,221317,284442,351926,414998],"ratio":[1.389,1.5189,1.7183,1.773,1.6676,1.5389,1.4617,1.4665],"irr":[0.069881,0.057235,0.0537,0.054841,0.056159,0.056494,0.056049,0.056409],"repl_rate":[0.803532,0.724543,0.674223,0.7063,0.722566,0.720155,0.712293,0.709751],"initial_real_benefit":[1178.16,1220.31,1267,1522.99,1799.61,2084.8,2404.32,2782.27],"death_age":[82.8,83.5,84.3,84.9,85.5,86.1,86.6,87.2],"couple_pv_benefits":[517842,581754,546723,647131,772563,914843,1072012,1264430],"couple_pv_taxes":[345942,359369,301974,347493,442633,568883,703852,829996],"couple_ratio":[1.4969,1.6188,1.8105,1.8623,1.7454,1.6081,1.5231,1.5234]},"female_single":{"birth_years":[1940,1950,1960,1970,1980,1990,2000,2010],"monthly_benefit":[751,928,1267,1866,2701,3833,5415,7676],"pv_benefits":[277578,308836,287279,339078,403500,477113,557608,655853],"pv_taxes":[172971,179685,150987,173746,221317,284442,351926,414998],"ratio":[1.6048,1.7188,1.9027,1.9516,1.8232,1.6774,1.5844,1.5804],"irr":[0.07319,0.060617,0.056632,0.057573,0.058662,0.05889,0.05827,0.058431],"repl_rate":[0.803532,0.724543,0.674223,0.7063,0.722566,0.720155,0.712293,0.709751],"initial_real_benefit":[1178.16,1220.31,1267,1522.99,1799.61,2084.8,2404.32,2782.27],"death_age":[85.4,86.1,86.8,87.4,87.9,88.5,88.9,89.4]},"female_married":{"birth_years":[1940,1950,1960,1970,1980,1990,2000,2010],"monthly_benefit":[751,928,1267,1866,2701,3833,5415,7676],"pv_benefits":[277578,308836,287279,339078,403500,477113,557608,655853],"pv_taxes":[172971,179685,150987,173746,221317,284442,351926,414998],"ratio":[1.6048,1.7188,1.9027,1.9516,1.8232,1.6774,1.5844,1.5804],"irr":[0.07319,0.060617,0.056632,0.057573,0.058662,0.05889,0.05827,0.058431],"repl_rate":[0.803532,0.724543,0.674223,0.7063,0.722566,0.720155,0.712293,0.709751],"initial_real_benefit":[1178.16,1220.31,1267,1522.99,1799.61,2084.8,2404.32,2782.27],"death_age":[85.4,86.1,86.8,87.4,87.9,88.5,88.9,89.4],"couple_pv_benefits":[517842,581754,546723,647131,772563,914843,1072012,1264430],"couple_pv_taxes":[345942,359369,301974,347493,442633,568883,703852,829996],"couple_ratio":[1.4969,1.6188,1.8105,1.8623,1.7454,1.6081,1.5231,1.5234]}}}
