{"meta":{"worker_type":"max","worker_label":"Maximum Earner","claim_age":65,"sexes":["male","female"],"marital_statuses":["single","married"],"birth_years":[1940,1950,1960,1970,1980,1990,2000,2010],"spouse_assumption":"Same worker type, opposite sex, same birth year, claim age 65"},"data":{"male_single":{"birth_years":[1940,1950,1960,1970,1980,1990,2000,2010],"monthly_benefit":[1874,2452,3374,4983,7214,10217,14414,20448],"pv_benefits":[599927,721068,691178,822791,985720,1166735,1369323,1621123],"pv_taxes":[806708,988308,929879,1052222,1315794,1678325,2111753,2525862],"ratio":[0.7437,0.7296,0.7433,0.782,0.7491,0.6952,0.6484,0.6418],"irr":[0.04322,0.030812,0.026604,0.027531,0.028749,0.02947,0.029356,0.029822],"repl_rate":[0.41281,0.348617,0.308606,0.321297,0.32729,0.328037,0.324359,0.321764],"initial_real_benefit":[2939.92,3224.35,3374,4067.01,4806.52,5557.1,6399.99,7411.66],"death_age":[82.8,83.5,84.3,84.9,85.5,86.1,86.6,87.2]},"male_married":{"birth_years":[1940,1950,1960,1970,1980,1990,2000,2010],"monthly_benefit":[1874,2452,3374,4983,7214,10217,14414,20448],"pv_benefits":[599927,721068,691178,822791,985720,1166735,1369323,1621123],"pv_taxes":[806708,988308,929879,1052222,1315794,1678325,2111753,2525862],"ratio":[0.7437,0.7296,0.7433,0.782,0.7491,0.6952,0.6484,0.6418],"irr":[0.04322,0.030812,0.026604,0.027531,0.028749,0.02947,0.029356,0.029822],"repl_rate":[0.41281,0.348617,0.308606,0.321297,0.32729,0.328037,0.324359,0.321764],"initial_real_benefit":[2939.92,3224.35,3374,4067.01,4806.52,5557.1,6399.99,7411.66],"death_age":[82.8,83.5,84.3,84.9,85.5,86.1,86.6,87.2],"couple_pv_benefits":[1293067,1537031,1456518,1728457,2063419,2438451,2853659,3368178],"couple_pv_taxes":[1613416,1976616,1859758,2104444,2631588,3356649,4223505,5051724],"couple_ratio":[0.8014,0.7776,0.7832,0.8213,0.7841,0.7265,0.6757,0.6667]},"female_single":{"birth_years":[1940,1950,1960,1970,1980,1990,2000,2010],"monthly_benefit":[1874,2452,3374,4983,7214,10217,14414,20448],"pv_benefits":[693140,815963,765340,905665,1077699,1271716,1484335,1747055],"pv_taxes":[806708,988308,929879,1052222,1315794,1678325,2111753,2525862],"ratio":[0.8592,0.8256,0.8231,0.8607,0.819,0.7577,0.7029,0.6917],"irr":[0.048002,0.035409,0.030516,0.031192,0.032113,0.032713,0.032366,0.032571],"repl_rate":[0.41281,0.348617,0.308606,0.321297,0.32729,0.328037,0.324359,0.321764],"initial_real_benefit":[2939.92,3224.35,3374,4067.01,4806.52,5557.1,6399.99,7411.66],"death_age":[85.4,86.1,86.8,87.4,87.9,88.5,88.9,89.4]},"female_married":{"birth_years":[1940,1950,1960,1970,1980,1990,2000,2010],"monthly_benefit":[1874,2452,3374,4983,7214,10217,14414,20448],"pv_benefits":[693140,815963,765340,905665,1077699,1271716,1484335,1747055],"pv_taxes":[806708,988308,929879,1052222,1315794,1678325,2111753,2525862],"ratio":[0.8592,0.8256,0.8231,0.8607,0.819,0.7577,0.7029,0.6917],"irr":[0.048002,0.035409,0.030516,0.031192,0.032113,0.032713,0.032366,0.032571],"repl_rate":[0.41281,0.348617,0.308606,0.321297,0.32729,0.328037,0.324359,0.321764],"initial_real_benefit":[2939.92,3224.35,3374,4067.01,4806.52,5557.1,6399.99,7411.66],"death_age":[85.4,86.1,86.8,87.4,87.9,88.5,88.9,89.4],"couple_pv_benefits":[1293067,1537031,1456518,1728457,2063419,2438451,2853659,3368178],"couple_pv_taxes":[1613416,1976616,1859758,2104444,2631588,3356649,4223505,5051724],"couple_ratio":[0.8014,0.7776,0.7832,0.8213,0.7841,0.7265,0.6757,0.6667]}}}
