{"meta":{"worker_type":"max","worker_label":"Maximum Earner","claim_age":65,"sexes":["male","female"],"spouse_types":["very_low","low","medium","high","max","custom_50k"],"birth_years":[1940,1950,1960,1970,1980,1990,2000,2010],"dim_key_format":"Single: {sex}_single | Married: {sex}_married_{spouse_type}"},"data":{"male_single":{"birth_years":[1940,1950,1960,1970,1980,1990,2000,2010],"monthly_benefit":[1874,2452,3374,4983,7214,10217,14414,20448],"pv_benefits":[599927,721068,691178,822791,985720,1166735,1369323,1621123],"pv_taxes":[806708,988308,929879,1052222,1315794,1678325,2111753,2525862],"ratio":[0.7437,0.7296,0.7433,0.782,0.7491,0.6952,0.6484,0.6418],"irr":[0.04322,0.030812,0.026604,0.027531,0.028749,0.02947,0.029356,0.029822],"repl_rate":[0.41281,0.348617,0.308606,0.321297,0.32729,0.328037,0.324359,0.321764],"initial_real_benefit":[2939.92,3224.35,3374,4067.01,4806.52,5557.1,6399.99,7411.66],"death_age":[82.8,83.5,84.3,84.9,85.5,86.1,86.6,87.2]},"male_married_very_low":{"birth_years":[1940,1950,1960,1970,1980,1990,2000,2010],"monthly_benefit":[1874,2452,3374,4983,7214,10217,14414,20448],"pv_benefits":[599927,721068,691178,822791,985720,1166735,1369323,1621123],"pv_taxes":[806708,988308,929879,1052222,1315794,1678325,2111753,2525862],"ratio":[0.7437,0.7296,0.7433,0.782,0.7491,0.6952,0.6484,0.6418],"irr":[0.04322,0.030812,0.026604,0.027531,0.028749,0.02947,0.029356,0.029822],"repl_rate":[0.41281,0.348617,0.308606,0.321297,0.32729,0.328037,0.324359,0.321764],"initial_real_benefit":[2939.92,3224.35,3374,4067.01,4806.52,5557.1,6399.99,7411.66],"death_age":[82.8,83.5,84.3,84.9,85.5,86.1,86.6,87.2],"couple_pv_benefits":[990892,1171600,1101857,1306548,1558320,1840798,2152633,2538712],"couple_pv_taxes":[902776,1088098,1013734,1148725,1438719,1836308,2307211,2756346],"couple_ratio":[1.0976,1.0767,1.0869,1.1374,1.0831,1.0024,0.933,0.921]},"male_married_low":{"birth_years":[1940,1950,1960,1970,1980,1990,2000,2010],"monthly_benefit":[1874,2452,3374,4983,7214,10217,14414,20448],"pv_benefits":[599927,721068,691178,822791,985720,1166735,1369323,1621123],"pv_taxes":[806708,988308,929879,1052222,1315794,1678325,2111753,2525862],"ratio":[0.7437,0.7296,0.7433,0.782,0.7491,0.6952,0.6484,0.6418],"irr":[0.04322,0.030812,0.026604,0.027531,0.028749,0.02947,0.029356,0.029822],"repl_rate":[0.41281,0.348617,0.308606,0.321297,0.32729,0.328037,0.324359,0.321764],"initial_real_benefit":[2939.92,3224.35,3374,4067.01,4806.52,5557.1,6399.99,7411.66],"death_age":[82.8,83.5,84.3,84.9,85.5,86.1,86.6,87.2],"couple_pv_benefits":[991067,1172143,1103176,1308186,1560403,1843339,2155750,2542522],"couple_pv_taxes":[979679,1167993,1080866,1225968,1537110,1962766,2463679,2940860],"couple_ratio":[1.0116,1.0036,1.0206,1.0671,1.0152,0.9392,0.875,0.8646]},"male_married_medium":{"birth_years":[1940,1950,1960,1970,1980,1990,2000,2010],"monthly_benefit":[1874,2452,3374,4983,7214,10217,14414,20448],"pv_benefits":[599927,721068,691178,822791,985720,1166735,1369323,1621123],"pv_taxes":[806708,988308,929879,1052222,1315794,1678325,2111753,2525862],"ratio":[0.7437,0.7296,0.7433,0.782,0.7491,0.6952,0.6484,0.6418],"irr":[0.04322,0.030812,0.026604,0.027531,0.028749,0.02947,0.029356,0.029822],"repl_rate":[0.41281,0.348617,0.308606,0.321297,0.32729,0.328037,0.324359,0.321764],"initial_real_benefit":[2939.92,3224.35,3374,4067.01,4806.52,5557.1,6399.99,7411.66],"death_age":[82.8,83.5,84.3,84.9,85.5,86.1,86.6,87.2],"couple_pv_benefits":[1087348,1262035,1186959,1406127,1677806,1983849,2321897,2738953],"couple_pv_taxes":[1191101,1387601,1265397,1438327,1807623,2310436,2893821,3448082],"couple_ratio":[0.9129,0.9095,0.938,0.9776,0.9282,0.8586,0.8024,0.7943]},"male_married_high":{"birth_years":[1940,1950,1960,1970,1980,1990,2000,2010],"monthly_benefit":[1874,2452,3374,4983,7214,10217,14414,20448],"pv_benefits":[599927,721068,691178,822791,985720,1166735,1369323,1621123],"pv_taxes":[806708,988308,929879,1052222,1315794,1678325,2111753,2525862],"ratio":[0.7437,0.7296,0.7433,0.782,0.7491,0.6952,0.6484,0.6418],"irr":[0.04322,0.030812,0.026604,0.027531,0.028749,0.02947,0.029356,0.029822],"repl_rate":[0.41281,0.348617,0.308606,0.321297,0.32729,0.328037,0.324359,0.321764],"initial_real_benefit":[2939.92,3224.35,3374,4067.01,4806.52,5557.1,6399.99,7411.66],"death_age":[82.8,83.5,84.3,84.9,85.5,86.1,86.6,87.2],"couple_pv_benefits":[1213726,1406597,1321978,1567703,1871684,2213964,2592544,3059432],"couple_pv_taxes":[1416823,1627187,1466720,1669993,2102718,2689700,3363071,4001430],"couple_ratio":[0.8567,0.8644,0.9013,0.9387,0.8901,0.8231,0.7709,0.7646]},"male_married_max":{"birth_years":[1940,1950,1960,1970,1980,1990,2000,2010],"monthly_benefit":[1874,2452,3374,4983,7214,10217,14414,20448],"pv_benefits":[599927,721068,691178,822791,985720,1166735,1369323,1621123],"pv_taxes":[806708,988308,929879,1052222,1315794,1678325,2111753,2525862],"ratio":[0.7437,0.7296,0.7433,0.782,0.7491,0.6952,0.6484,0.6418],"irr":[0.04322,0.030812,0.026604,0.027531,0.028749,0.02947,0.029356,0.029822],"repl_rate":[0.41281,0.348617,0.308606,0.321297,0.32729,0.328037,0.324359,0.321764],"initial_real_benefit":[2939.92,3224.35,3374,4067.01,4806.52,5557.1,6399.99,7411.66],"death_age":[82.8,83.5,84.3,84.9,85.5,86.1,86.6,87.2],"couple_pv_benefits":[1293067,1537031,1456518,1728457,2063419,2438451,2853659,3368178],"couple_pv_taxes":[1613416,1976616,1859758,2104444,2631588,3356649,4223505,5051724],"couple_ratio":[0.8014,0.7776,0.7832,0.8213,0.7841,0.7265,0.6757,0.6667]},"male_married_custom_50k":{"birth_years":[1940,1950,1960,1970,1980,1990,2000,2010],"monthly_benefit":[1874,2452,3374,4983,7214,10217,14414,20448],"pv_benefits":[599927,721068,691178,822791,985720,1166735,1369323,1621123],"pv_taxes":[806708,988308,929879,1052222,1315794,1678325,2111753,2525862],"ratio":[0.7437,0.7296,0.7433,0.782,0.7491,0.6952,0.6484,0.6418],"irr":[0.04322,0.030812,0.026604,0.027531,0.028749,0.02947,0.029356,0.029822],"repl_rate":[0.41281,0.348617,0.308606,0.321297,0.32729,0.328037,0.324359,0.321764],"initial_real_benefit":[2939.92,3224.35,3374,4067.01,4806.52,5557.1,6399.99,7411.66],"death_age":[82.8,83.5,84.3,84.9,85.5,86.1,86.6,87.2],"couple_pv_benefits":[1109972,1248635,1139223,1311227,1562380,1844563,2156004,2541636],"couple_pv_taxes":[1221976,1370876,1212527,1336109,1629585,2022816,2477152,2897896],"couple_ratio":[0.9083,0.9108,0.9395,0.9814,0.9588,0.9119,0.8704,0.8771]},"female_single":{"birth_years":[1940,1950,1960,1970,1980,1990,2000,2010],"monthly_benefit":[1874,2452,3374,4983,7214,10217,14414,20448],"pv_benefits":[693140,815963,765340,905665,1077699,1271716,1484335,1747055],"pv_taxes":[806708,988308,929879,1052222,1315794,1678325,2111753,2525862],"ratio":[0.8592,0.8256,0.8231,0.8607,0.819,0.7577,0.7029,0.6917],"irr":[0.048002,0.035409,0.030516,0.031192,0.032113,0.032713,0.032366,0.032571],"repl_rate":[0.41281,0.348617,0.308606,0.321297,0.32729,0.328037,0.324359,0.321764],"initial_real_benefit":[2939.92,3224.35,3374,4067.01,4806.52,5557.1,6399.99,7411.66],"death_age":[85.4,86.1,86.8,87.4,87.9,88.5,88.9,89.4]},"female_married_very_low":{"birth_years":[1940,1950,1960,1970,1980,1990,2000,2010],"monthly_benefit":[1874,2452,3374,4983,7214,10217,14414,20448],"pv_benefits":[693140,815963,765340,905665,1077699,1271716,1484335,1747055],"pv_taxes":[806708,988308,929879,1052222,1315794,1678325,2111753,2525862],"ratio":[0.8592,0.8256,0.8231,0.8607,0.819,0.7577,0.7029,0.6917],"irr":[0.048002,0.035409,0.030516,0.031192,0.032113,0.032713,0.032366,0.032571],"repl_rate":[0.41281,0.348617,0.308606,0.321297,0.32729,0.328037,0.324359,0.321764],"initial_real_benefit":[2939.92,3224.35,3374,4067.01,4806.52,5557.1,6399.99,7411.66],"death_age":[85.4,86.1,86.8,87.4,87.9,88.5,88.9,89.4],"couple_pv_benefits":[991900,1173583,1105141,1310204,1562374,1845432,2157715,2544272],"couple_pv_taxes":[902776,1088098,1013734,1148725,1438719,1836308,2307211,2756346],"couple_ratio":[1.0987,1.0786,1.0902,1.1406,1.0859,1.005,0.9352,0.9231]},