{"meta":{"worker_type":"medium","worker_label":"Medium Earner","claim_age":65,"sexes":["male","female"],"marital_statuses":["single","married"],"birth_years":[1940,1950,1960,1970,1980,1990,2000,2010],"spouse_assumption":"Same worker type, opposite sex, same birth year, claim age 65"},"data":{"male_single":{"birth_years":[1940,1950,1960,1970,1980,1990,2000,2010],"monthly_benefit":[1238,1531,2093,3079,4456,6324,8932,12663],"pv_benefits":[396364,450330,428716,508348,608854,722136,848530,1003899],"pv_taxes":[384393,399293,335518,386105,491829,632112,782069,922221],"ratio":[1.0311,1.1278,1.2778,1.3166,1.2379,1.1424,1.085,1.0886],"irr":[0.058297,0.046482,0.043565,0.044851,0.046172,0.046522,0.046223,0.046706],"repl_rate":[0.596047,0.537879,0.501173,0.524421,0.536403,0.53465,0.528688,0.526865],"initial_real_benefit":[1942.17,2013.24,2093,2513.01,2968.93,3439.67,3965.91,4589.88],"death_age":[82.8,83.5,84.3,84.9,85.5,86.1,86.6,87.2]},"male_married":{"birth_years":[1940,1950,1960,1970,1980,1990,2000,2010],"monthly_benefit":[1238,1531,2093,3079,4456,6324,8932,12663],"pv_benefits":[396364,450330,428716,508348,608854,722136,848530,1003899],"pv_taxes":[384393,399293,335518,386105,491829,632112,782069,922221],"ratio":[1.0311,1.1278,1.2778,1.3166,1.2379,1.1424,1.085,1.0886],"irr":[0.058297,0.046482,0.043565,0.044851,0.046172,0.046522,0.046223,0.046706],"repl_rate":[0.596047,0.537879,0.501173,0.524421,0.536403,0.53465,0.528688,0.526865],"initial_real_benefit":[1942.17,2013.24,2093,2513.01,2968.93,3439.67,3965.91,4589.88],"death_age":[82.8,83.5,84.3,84.9,85.5,86.1,86.6,87.2],"couple_pv_benefits":[854294,959913,903428,1067896,1274522,1509249,1768330,2085782],"couple_pv_taxes":[768787,798586,671036,772211,983659,1264223,1564137,1844441],"couple_ratio":[1.1112,1.202,1.3463,1.3829,1.2957,1.1938,1.1305,1.1308]},"female_single":{"birth_years":[1940,1950,1960,1970,1980,1990,2000,2010],"monthly_benefit":[1238,1531,2093,3079,4456,6324,8932,12663],"pv_benefits":[457930,509584,474711,559548,665668,787112,919800,1081883],"pv_taxes":[384393,399293,335518,386105,491829,632112,782069,922221],"ratio":[1.1913,1.2762,1.4149,1.4492,1.3535,1.2452,1.1761,1.1731],"irr":[0.062095,0.050311,0.046883,0.047954,0.049021,0.049255,0.048754,0.049013],"repl_rate":[0.596047,0.537879,0.501173,0.524421,0.536403,0.53465,0.528688,0.526865],"initial_real_benefit":[1942.17,2013.24,2093,2513.01,2968.93,3439.67,3965.91,4589.88],"death_age":[85.4,86.1,86.8,87.4,87.9,88.5,88.9,89.4]},"female_married":{"birth_years":[1940,1950,1960,1970,1980,1990,2000,2010],"monthly_benefit":[1238,1531,2093,3079,4456,6324,8932,12663],"pv_benefits":[457930,509584,474711,559548,665668,787112,919800,1081883],"pv_taxes":[384393,399293,335518,386105,491829,632112,782069,922221],"ratio":[1.1913,1.2762,1.4149,1.4492,1.3535,1.2452,1.1761,1.1731],"irr":[0.062095,0.050311,0.046883,0.047954,0.049021,0.049255,0.048754,0.049013],"repl_rate":[0.596047,0.537879,0.501173,0.524421,0.536403,0.53465,0.528688,0.526865],"initial_real_benefit":[1942.17,2013.24,2093,2513.01,2968.93,3439.67,3965.91,4589.88],"death_age":[85.4,86.1,86.8,87.4,87.9,88.5,88.9,89.4],"couple_pv_benefits":[854294,959913,903428,1067896,1274522,1509249,1768330,2085782],"couple_pv_taxes":[768787,798586,671036,772211,983659,1264223,1564137,1844441],"couple_ratio":[1.1112,1.202,1.3463,1.3829,1.2957,1.1938,1.1305,1.1308]}}}
