{"meta":{"worker_type":"medium","worker_label":"Medium Earner","claim_age":65,"sexes":["male","female"],"spouse_types":["very_low","low","medium","high","max","custom_50k"],"birth_years":[1940,1950,1960,1970,1980,1990,2000,2010],"dim_key_format":"Single: {sex}_single | Married: {sex}_married_{spouse_type}"},"data":{"male_single":{"birth_years":[1940,1950,1960,1970,1980,1990,2000,2010],"monthly_benefit":[1238,1531,2093,3079,4456,6324,8932,12663],"pv_benefits":[396364,450330,428716,508348,608854,722136,848530,1003899],"pv_taxes":[384393,399293,335518,386105,491829,632112,782069,922221],"ratio":[1.0311,1.1278,1.2778,1.3166,1.2379,1.1424,1.085,1.0886],"irr":[0.058297,0.046482,0.043565,0.044851,0.046172,0.046522,0.046223,0.046706],"repl_rate":[0.596047,0.537879,0.501173,0.524421,0.536403,0.53465,0.528688,0.526865],"initial_real_benefit":[1942.17,2013.24,2093,2513.01,2968.93,3439.67,3965.91,4589.88],"death_age":[82.8,83.5,84.3,84.9,85.5,86.1,86.6,87.2]},"male_married_very_low":{"birth_years":[1940,1950,1960,1970,1980,1990,2000,2010],"monthly_benefit":[1238,1531,2093,3079,4456,6324,8932,12663],"pv_benefits":[396364,450330,428716,508348,608854,722136,848530,1003899],"pv_taxes":[384393,399293,335518,386105,491829,632112,782069,922221],"ratio":[1.0311,1.1278,1.2778,1.3166,1.2379,1.1424,1.085,1.0886],"irr":[0.058297,0.046482,0.043565,0.044851,0.046172,0.046522,0.046223,0.046706],"repl_rate":[0.596047,0.537879,0.501173,0.524421,0.536403,0.53465,0.528688,0.526865],"initial_real_benefit":[1942.17,2013.24,2093,2513.01,2968.93,3439.67,3965.91,4589.88],"death_age":[82.8,83.5,84.3,84.9,85.5,86.1,86.6,87.2],"couple_pv_benefits":[654747,732302,685030,809253,965112,1142443,1337718,1576794],"couple_pv_taxes":[480461,499083,419373,482608,614755,790095,977527,1152705],"couple_ratio":[1.3627,1.4673,1.6335,1.6768,1.5699,1.446,1.3685,1.3679]},"male_married_low":{"birth_years":[1940,1950,1960,1970,1980,1990,2000,2010],"monthly_benefit":[1238,1531,2093,3079,4456,6324,8932,12663],"pv_benefits":[396364,450330,428716,508348,608854,722136,848530,1003899],"pv_taxes":[384393,399293,335518,386105,491829,632112,782069,922221],"ratio":[1.0311,1.1278,1.2778,1.3166,1.2379,1.1424,1.085,1.0886],"irr":[0.058297,0.046482,0.043565,0.044851,0.046172,0.046522,0.046223,0.046706],"repl_rate":[0.596047,0.537879,0.501173,0.524421,0.536403,0.53465,0.528688,0.526865],"initial_real_benefit":[1942.17,2013.24,2093,2513.01,2968.93,3439.67,3965.91,4589.88],"death_age":[82.8,83.5,84.3,84.9,85.5,86.1,86.6,87.2],"couple_pv_benefits":[696870,779913,729854,862811,1029425,1218773,1427551,1683184],"couple_pv_taxes":[557364,578978,486505,559852,713146,916553,1133995,1337219],"couple_ratio":[1.2503,1.3471,1.5002,1.5411,1.4435,1.3297,1.2589,1.2587]},"male_married_medium":{"birth_years":[1940,1950,1960,1970,1980,1990,2000,2010],"monthly_benefit":[1238,1531,2093,3079,4456,6324,8932,12663],"pv_benefits":[396364,450330,428716,508348,608854,722136,848530,1003899],"pv_taxes":[384393,399293,335518,386105,491829,632112,782069,922221],"ratio":[1.0311,1.1278,1.2778,1.3166,1.2379,1.1424,1.085,1.0886],"irr":[0.058297,0.046482,0.043565,0.044851,0.046172,0.046522,0.046223,0.046706],"repl_rate":[0.596047,0.537879,0.501173,0.524421,0.536403,0.53465,0.528688,0.526865],"initial_real_benefit":[1942.17,2013.24,2093,2513.01,2968.93,3439.67,3965.91,4589.88],"death_age":[82.8,83.5,84.3,84.9,85.5,86.1,86.6,87.2],"couple_pv_benefits":[854294,959913,903428,1067896,1274522,1509249,1768330,2085782],"couple_pv_taxes":[768787,798586,671036,772211,983659,1264223,1564137,1844441],"couple_ratio":[1.1112,1.202,1.3463,1.3829,1.2957,1.1938,1.1305,1.1308]},"male_married_high":{"birth_years":[1940,1950,1960,1970,1980,1990,2000,2010],"monthly_benefit":[1238,1531,2093,3079,4456,6324,8932,12663],"pv_benefits":[396364,450330,428716,508348,608854,722136,848530,1003899],"pv_taxes":[384393,399293,335518,386105,491829,632112,782069,922221],"ratio":[1.0311,1.1278,1.2778,1.3166,1.2379,1.1424,1.085,1.0886],"irr":[0.058297,0.046482,0.043565,0.044851,0.046172,0.046522,0.046223,0.046706],"repl_rate":[0.596047,0.537879,0.501173,0.524421,0.536403,0.53465,0.528688,0.526865],"initial_real_benefit":[1942.17,2013.24,2093,2513.01,2968.93,3439.67,3965.91,4589.88],"death_age":[82.8,83.5,84.3,84.9,85.5,86.1,86.6,87.2],"couple_pv_benefits":[1001098,1125055,1055440,1248548,1489580,1763587,2065549,2435334],"couple_pv_taxes":[994508,1038172,872359,1003877,1278753,1643487,2033387,2397789],"couple_ratio":[1.0066,1.0837,1.2099,1.2437,1.1649,1.0731,1.0158,1.0157]},"male_married_max":{"birth_years":[1940,1950,1960,1970,1980,1990,2000,2010],"monthly_benefit":[1238,1531,2093,3079,4456,6324,8932,12663],"pv_benefits":[396364,450330,428716,508348,608854,722136,848530,1003899],"pv_taxes":[384393,399293,335518,386105,491829,632112,782069,922221],"ratio":[1.0311,1.1278,1.2778,1.3166,1.2379,1.1424,1.085,1.0886],"irr":[0.058297,0.046482,0.043565,0.044851,0.046172,0.046522,0.046223,0.046706],"repl_rate":[0.596047,0.537879,0.501173,0.524421,0.536403,0.53465,0.528688,0.526865],"initial_real_benefit":[1942.17,2013.24,2093,2513.01,2968.93,3439.67,3965.91,4589.88],"death_age":[82.8,83.5,84.3,84.9,85.5,86.1,86.6,87.2],"couple_pv_benefits":[1089504,1266292,1194056,1414014,1686553,1993853,2332865,2750953],"couple_pv_taxes":[1191101,1387601,1265397,1438327,1807623,2310436,2893821,3448082],"couple_ratio":[0.9147,0.9126,0.9436,0.9831,0.933,0.863,0.8062,0.7978]},"male_married_custom_50k":{"birth_years":[1940,1950,1960,1970,1980,1990,2000,2010],"monthly_benefit":[1238,1531,2093,3079,4456,6324,8932,12663],"pv_benefits":[396364,450330,428716,508348,608854,722136,848530,1003899],"pv_taxes":[384393,399293,335518,386105,491829,632112,782069,922221],"ratio":[1.0311,1.1278,1.2778,1.3166,1.2379,1.1424,1.085,1.0886],"irr":[0.058297,0.046482,0.043565,0.044851,0.046172,0.046522,0.046223,0.046706],"repl_rate":[0.596047,0.537879,0.501173,0.524421,0.536403,0.53465,0.528688,0.526865],"initial_real_benefit":[1942.17,2013.24,2093,2513.01,2968.93,3439.67,3965.91,4589.88],"death_age":[82.8,83.5,84.3,84.9,85.5,86.1,86.6,87.2],"couple_pv_benefits":[880580,944611,849684,965110,1110274,1267274,1437859,1650133],"couple_pv_taxes":[799661,781861,618166,669992,805621,976603,1147467,1294255],"couple_ratio":[1.1012,1.2082,1.3745,1.4405,1.3782,1.2976,1.2531,1.275]},"female_single":{"birth_years":[1940,1950,1960,1970,1980,1990,2000,2010],"monthly_benefit":[1238,1531,2093,3079,4456,6324,8932,12663],"pv_benefits":[457930,509584,474711,559548,665668,787112,919800,1081883],"pv_taxes":[384393,399293,335518,386105,491829,632112,782069,922221],"ratio":[1.1913,1.2762,1.4149,1.4492,1.3535,1.2452,1.1761,1.1731],"irr":[0.062095,0.050311,0.046883,0.047954,0.049021,0.049255,0.048754,0.049013],"repl_rate":[0.596047,0.537879,0.501173,0.524421,0.536403,0.53465,0.528688,0.526865],"initial_real_benefit":[1942.17,2013.24,2093,2513.01,2968.93,3439.67,3965.91,4589.88],"death_age":[85.4,86.1,86.8,87.4,87.9,88.5,88.9,89.4]},"female_married_very_low":{"birth_years":[1940,1950,1960,1970,1980,1990,2000,2010],"monthly_benefit":[1238,1531,2093,3079,4456,6324,8932,12663],"pv_benefits":[457930,509584,474711,559548,665668,787112,919800,1081883],"pv_taxes":[384393,399293,335518,386105,491829,632112,782069,922221],"ratio":[1.1913,1.2762,1.4149,1.4492,1.3535,1.2452,1.1761,1.1731],"irr":[0.062095,0.050311,0.046883,0.047954,0.049021,0.049255,0.048754,0.049013],"repl_rate":[0.596047,0.537879,0.501173,0.524421,0.536403,0.53465,0.528688,0.526865],"initial_real_benefit":[1942.17,2013.24,2093,2513.01,2968.93,3439.67,3965.91,4589.88],"death_age":[85.4,86.1,86.8,87.4,87.9,88.5,88.9,89.4],"couple_pv_benefits":[655755,734285,688315,812909,969166,1147077,1342800,1582354],"couple_pv_taxes":[480461,499083,419373,482608,614755,790095,977527,1152705],"couple_ratio":[1.3648,1.4713,1.6413,1.6844,1.5765,1.4518,1.3737,1.3727]},"female_married_low":{"birth_years":[1940,1950,1960,1970,1980,1990,2000,2010],"monthly_benefit":[1238,1531,2093,3079,4456,6324,8932,12663],