{"meta":{"worker_type":"very_low","worker_label":"Very Low Earner","claim_age":65,"sexes":["male","female"],"spouse_types":["very_low","low","medium","high","max","custom_50k"],"birth_years":[1940,1950,1960,1970,1980,1990,2000,2010],"dim_key_format":"Single: {sex}_single | Married: {sex}_married_{spouse_type}"},"data":{"male_single":{"birth_years":[1940,1950,1960,1970,1980,1990,2000,2010],"monthly_benefit":[574,709,967,1425,2063,2928,4136,5863],"pv_benefits":[183572,208465,197972,235230,281876,334318,392888,464817],"pv_taxes":[96067,99790,83855,96503,122926,157983,195459,230484],"ratio":[1.9109,2.089,2.3609,2.4375,2.2931,2.1162,2.0101,2.0167],"irr":[0.081977,0.068507,0.064354,0.06531,0.066624,0.066964,0.066374,0.066616],"repl_rate":[1.105676,0.996578,0.926409,0.97104,0.993561,0.990372,0.979449,0.975964],"initial_real_benefit":[900.49,932.33,967,1163.05,1374.53,1592.56,1836.43,2125.12],"death_age":[82.8,83.5,84.3,84.9,85.5,86.1,86.6,87.2]},"male_married_very_low":{"birth_years":[1940,1950,1960,1970,1980,1990,2000,2010],"monthly_benefit":[574,709,967,1425,2063,2928,4136,5863],"pv_benefits":[183572,208465,197972,235230,281876,334318,392888,464817],"pv_taxes":[96067,99790,83855,96503,122926,157983,195459,230484],"ratio":[1.9109,2.089,2.3609,2.4375,2.2931,2.1162,2.0101,2.0167],"irr":[0.081977,0.068507,0.064354,0.06531,0.066624,0.066964,0.066374,0.066616],"repl_rate":[1.105676,0.996578,0.926409,0.97104,0.993561,0.990372,0.979449,0.975964],"initial_real_benefit":[900.49,932.33,967,1163.05,1374.53,1592.56,1836.43,2125.12],"death_age":[82.8,83.5,84.3,84.9,85.5,86.1,86.6,87.2],"couple_pv_benefits":[395658,444356,417181,494150,590050,698715,818773,965738],"couple_pv_taxes":[192135,199580,167709,193006,245851,315966,390917,460969],"couple_ratio":[2.0593,2.2265,2.4875,2.5603,2.4,2.2114,2.0945,2.095]},"male_married_low":{"birth_years":[1940,1950,1960,1970,1980,1990,2000,2010],"monthly_benefit":[574,709,967,1425,2063,2928,4136,5863],"pv_benefits":[183572,208465,197972,235230,281876,334318,392888,464817],"pv_taxes":[96067,99790,83855,96503,122926,157983,195459,230484],"ratio":[1.9109,2.089,2.3609,2.4375,2.2931,2.1162,2.0101,2.0167],"irr":[0.081977,0.068507,0.064354,0.06531,0.066624,0.066964,0.066374,0.066616],"repl_rate":[1.105676,0.996578,0.926409,0.97104,0.993561,0.990372,0.979449,0.975964],"initial_real_benefit":[900.49,932.33,967,1163.05,1374.53,1592.56,1836.43,2125.12],"death_age":[82.8,83.5,84.3,84.9,85.5,86.1,86.6,87.2],"couple_pv_benefits":[461149,517301,485251,574308,685376,811431,950496,1120669],"couple_pv_taxes":[269039,279475,234842,270249,344242,442425,547385,645482],"couple_ratio":[1.7141,1.851,2.0663,2.1251,1.991,1.8341,1.7364,1.7362]},"male_married_medium":{"birth_years":[1940,1950,1960,1970,1980,1990,2000,2010],"monthly_benefit":[618,764,1043,1534,2221,3152,4453,6313],"pv_benefits":[197825,224701,213604,253362,303498,359964,423001,500471],"pv_taxes":[96067,99790,83855,96503,122926,157983,195459,230484],"ratio":[2.0592,2.2517,2.5473,2.6254,2.469,2.2785,2.1641,2.1714],"irr":[0.084769,0.071125,0.06687,0.06772,0.069021,0.069365,0.068741,0.068959],"repl_rate":[1.190432,1.073886,0.999219,1.045316,1.069655,1.066138,1.054518,1.050871],"initial_real_benefit":[969.51,1004.65,1043,1252.02,1479.8,1714.39,1977.18,2288.23],"death_age":[82.8,83.5,84.3,84.9,85.5,86.1,86.6,87.2],"couple_pv_benefits":[655755,734285,688315,812909,969166,1147077,1342800,1582354],"couple_pv_taxes":[480461,499083,419373,482608,614755,790095,977527,1152705],"couple_ratio":[1.3648,1.4713,1.6413,1.6844,1.5765,1.4518,1.3737,1.3727]},"male_married_high":{"birth_years":[1940,1950,1960,1970,1980,1990,2000,2010],"monthly_benefit":[815,1007,1365,2012,2913,4135,5840,8280],"pv_benefits":[260796,296302,279630,332267,398064,472151,554818,656425],"pv_taxes":[96067,99790,83855,96503,122926,157983,195459,230484],"ratio":[2.7147,2.9693,3.3347,3.4431,3.2382,2.9886,2.8385,2.848],"irr":[0.094957,0.080682,0.075707,0.076433,0.077728,0.078099,0.077364,0.077492],"repl_rate":[1.569906,1.41545,1.307702,1.37104,1.402929,1.39863,1.382974,1.378301],"initial_real_benefit":[1278.57,1324.19,1365,1642.15,1940.86,2249.06,2593.03,3001.2],"death_age":[82.8,83.5,84.3,84.9,85.5,86.1,86.6,87.2],"couple_pv_benefits":[865531,971027,906354,1072467,1278790,1513602,1771836,2087860],"couple_pv_taxes":[706182,738669,620695,714274,909850,1169359,1446777,1706053],"couple_ratio":[1.2256,1.3146,1.4602,1.5015,1.4055,1.2944,1.2247,1.2238]},"male_married_max":{"birth_years":[1940,1950,1960,1970,1980,1990,2000,2010],"monthly_benefit":[933,1216,1659,2450,3547,5024,7088,10055],"pv_benefits":[298760,357621,339802,404538,484675,573716,673379,797217],"pv_taxes":[96067,99790,83855,96503,122926,157983,195459,230484],"ratio":[3.1099,3.5837,4.0523,4.192,3.9428,3.6315,3.4451,3.4589],"irr":[0.099895,0.0871,0.082023,0.082679,0.083968,0.084299,0.083455,0.083542],"repl_rate":[1.797206,1.709222,1.589361,1.669507,1.70827,1.699327,1.678514,1.67377],"initial_real_benefit":[1463.68,1599.02,1659,1999.64,2363.28,2732.59,3147.16,3644.57],"death_age":[82.8,83.5,84.3,84.9,85.5,86.1,86.6,87.2],"couple_pv_benefits":[991900,1173583,1105141,1310204,1562374,1845432,2157715,2544272],"couple_pv_taxes":[902776,1088098,1013734,1148725,1438719,1836308,2307211,2756346],"couple_ratio":[1.0987,1.0786,1.0902,1.1406,1.0859,1.005,0.9352,0.9231]},"male_married_custom_50k":{"birth_years":[1940,1950,1960,1970,1980,1990,2000,2010],"monthly_benefit":[653,741,967,1425,2063,2928,4136,5863],"pv_benefits":[209111,218023,197972,235230,281876,334318,392888,464817],"pv_taxes":[96067,99790,83855,96503,122926,157983,195459,230484],"ratio":[2.1767,2.1848,2.3609,2.4375,2.2931,2.1162,2.0101,2.0167],"irr":[0.086831,0.070072,0.064354,0.06531,0.066624,0.066964,0.066374,0.066616],"repl_rate":[1.257851,1.041557,0.926409,0.97104,0.993561,0.990372,0.979449,0.975964],"initial_real_benefit":[1024.42,974.4,967,1163.05,1374.53,1592.56,1836.43,2125.12],"death_age":[82.8,83.5,84.3,84.9,85.5,86.1,86.6,87.2],"couple_pv_benefits":[693327,712304,618939,688669,775053,865036,961817,1084621],"couple_pv_taxes":[511336,482358,366503,380390,436717,502475,560857,602519],"couple_ratio":[1.3559,1.4767,1.6888,1.8104,1.7747,1.7216,1.7149,1.8001]},"female_single":{"birth_years":[1940,1950,1960,1970,1980,1990,2000,2010],"monthly_benefit":[574,709,967,1425,2063,2928,4136,5863],"pv_benefits":[212087,235891,219209,258920,308174,364397,425885,500921],"pv_taxes":[96067,99790,83855,96503,122926,157983,195459,230484],"ratio":[2.2077,2.3639,2.6142,2.683,2.507,2.3066,2.1789,2.1733],"irr":[0.084839,0.071471,0.066927,0.067699,0.068806,0.069047,0.068307,0.068372],"repl_rate":[1.105676,0.996578,0.926409,0.97104,0.993561,0.990372,0.979449,0.975964],"initial_real_benefit":[900.49,932.33,967,1163.05,1374.53,1592.56,1836.43,2125.12],"death_age":[85.4,86.1,86.8,87.4,87.9,88.5,88.9,89.4]},"female_married_very_low":{"birth_years":[1940,1950,1960,1970,1980,1990,2000,2010],"monthly_benefit":[574,709,967,1425,2063,2928,4136,5863],"pv_benefits":[212087,235891,219209,258920,308174,364397,425885,500921],"pv_taxes":[96067,99790,83855,96503,122926,157983,195459,230484],"ratio":[2.2077,2.3639,2.6142,2.683,2.507,2.3066,2.1789,2.1733],"irr":[0.084839,0.071471,0.066927,0.067699,0.068806,0.069047,0.068307,0.068372],"repl_rate":[1.105676,0.996578,0.926409,0.97104,0.993561,0.990372,0.979449,0.975964],"initial_real_benefit":[900.49,932.33,967,1163.05,1374.53,1592.56,1836.43,2125.12],"death_age":[85.4,86.1,86.8,87.4,87.9,88.5,88.9,89.4],"couple_pv_benefits":[395658,444356,417181,494150,590050,698715,818773,965738],"couple_pv_taxes":[192135,199580,167709,193006,245851,315966,390917,460969],"couple_ratio":[2.0593,2.2265,2.4875,2.5603,2.4,2.2114,2.0945,2.095]},"female_married_low":{"birth_years":[1940,1950,1960,1970,1980,1990,2000,2010],"monthly_benefit":[574,709,967,1425,2063,2928,4136,5863],"pv_benefits":[219877,242399,222521,262598,312259,369068,431009,506532],"pv_taxes":[96067,99790,83855,96503,122926,157983,195459,230484],