{"meta":{"worker_type":"very_low","worker_label":"Very Low Earner","claim_age":65,"sexes":["male","female"],"marital_statuses":["single","married"],"birth_years":[1940,1950,1960,1970,1980,1990,2000,2010],"spouse_assumption":"Same worker type, opposite sex, same birth year, claim age 65"},"data":{"male_single":{"birth_years":[1940,1950,1960,1970,1980,1990,2000,2010],"monthly_benefit":[574,709,967,1425,2063,2928,4136,5863],"pv_benefits":[183572,208465,197972,235230,281876,334318,392888,464817],"pv_taxes":[96067,99790,83855,96503,122926,157983,195459,230484],"ratio":[1.9109,2.089,2.3609,2.4375,2.2931,2.1162,2.0101,2.0167],"irr":[0.081977,0.068507,0.064354,0.06531,0.066624,0.066964,0.066374,0.066616],"repl_rate":[1.105676,0.996578,0.926409,0.97104,0.993561,0.990372,0.979449,0.975964],"initial_real_benefit":[900.49,932.33,967,1163.05,1374.53,1592.56,1836.43,2125.12],"death_age":[82.8,83.5,84.3,84.9,85.5,86.1,86.6,87.2]},"male_married":{"birth_years":[1940,1950,1960,1970,1980,1990,2000,2010],"monthly_benefit":[574,709,967,1425,2063,2928,4136,5863],"pv_benefits":[183572,208465,197972,235230,281876,334318,392888,464817],"pv_taxes":[96067,99790,83855,96503,122926,157983,195459,230484],"ratio":[1.9109,2.089,2.3609,2.4375,2.2931,2.1162,2.0101,2.0167],"irr":[0.081977,0.068507,0.064354,0.06531,0.066624,0.066964,0.066374,0.066616],"repl_rate":[1.105676,0.996578,0.926409,0.97104,0.993561,0.990372,0.979449,0.975964],"initial_real_benefit":[900.49,932.33,967,1163.05,1374.53,1592.56,1836.43,2125.12],"death_age":[82.8,83.5,84.3,84.9,85.5,86.1,86.6,87.2],"couple_pv_benefits":[395658,444356,417181,494150,590050,698715,818773,965738],"couple_pv_taxes":[192135,199580,167709,193006,245851,315966,390917,460969],"couple_ratio":[2.0593,2.2265,2.4875,2.5603,2.4,2.2114,2.0945,2.095]},"female_single":{"birth_years":[1940,1950,1960,1970,1980,1990,2000,2010],"monthly_benefit":[574,709,967,1425,2063,2928,4136,5863],"pv_benefits":[212087,235891,219209,258920,308174,364397,425885,500921],"pv_taxes":[96067,99790,83855,96503,122926,157983,195459,230484],"ratio":[2.2077,2.3639,2.6142,2.683,2.507,2.3066,2.1789,2.1733],"irr":[0.084839,0.071471,0.066927,0.067699,0.068806,0.069047,0.068307,0.068372],"repl_rate":[1.105676,0.996578,0.926409,0.97104,0.993561,0.990372,0.979449,0.975964],"initial_real_benefit":[900.49,932.33,967,1163.05,1374.53,1592.56,1836.43,2125.12],"death_age":[85.4,86.1,86.8,87.4,87.9,88.5,88.9,89.4]},"female_married":{"birth_years":[1940,1950,1960,1970,1980,1990,2000,2010],"monthly_benefit":[574,709,967,1425,2063,2928,4136,5863],"pv_benefits":[212087,235891,219209,258920,308174,364397,425885,500921],"pv_taxes":[96067,99790,83855,96503,122926,157983,195459,230484],"ratio":[2.2077,2.3639,2.6142,2.683,2.507,2.3066,2.1789,2.1733],"irr":[0.084839,0.071471,0.066927,0.067699,0.068806,0.069047,0.068307,0.068372],"repl_rate":[1.105676,0.996578,0.926409,0.97104,0.993561,0.990372,0.979449,0.975964],"initial_real_benefit":[900.49,932.33,967,1163.05,1374.53,1592.56,1836.43,2125.12],"death_age":[85.4,86.1,86.8,87.4,87.9,88.5,88.9,89.4],"couple_pv_benefits":[395658,444356,417181,494150,590050,698715,818773,965738],"couple_pv_taxes":[192135,199580,167709,193006,245851,315966,390917,460969],"couple_ratio":[2.0593,2.2265,2.4875,2.5603,2.4,2.2114,2.0945,2.095]}}}
