{"meta":{"worker_type":"custom_50k","worker_label":"$50K Earner","claim_age":65,"sex":"all","marital":"single","categories":"pia","combo_keys":["reduce_fact3","flat_benefit","simpson_bowles_pia"]},"data":{"reduce_fact3":{"birth_years":[1970,1980,1990,2000,2010],"monthly_benefit":[2495,3301,4264,5525,7254],"pv_benefits":[432952,472369,509060,547128,597702],"pv_taxes":[283887,313791,344492,365399,372034],"ratio":[1.5251,1.5054,1.4777,1.4973,1.6066],"irr":[0.049712,0.052615,0.054975,0.056653,0.059145],"repl_rate":[0.577971,0.622829,0.661478,0.699951,0.748168],"initial_real_benefit":[2036.36,2199.38,2319.22,2453.17,2629.31],"death_age":[86.2,86.7,87.3,87.8,88.3]},"flat_benefit":{"birth_years":[1970,1980,1990,2000,2010],"monthly_benefit":[2375,2693,3076,4136,5792],"pv_benefits":[412175,385286,367222,409631,477187],"pv_taxes":[283887,313791,344492,365399,372034],"ratio":[1.4519,1.2278,1.066,1.1211,1.2826],"irr":[0.048084,0.045862,0.044173,0.047259,0.051956],"repl_rate":[0.550173,0.508112,0.477183,0.523981,0.59738],"initial_real_benefit":[1938.42,1794.28,1673.06,1836.43,2099.39],"death_age":[86.2,86.7,87.3,87.8,88.3]},"simpson_bowles_pia":{"birth_years":[1970,1980,1990,2000,2010],"monthly_benefit":[2473,3218,4172,5426,7150],"pv_benefits":[429264,460398,498051,537333,589075],"pv_taxes":[283887,313791,344492,365399,372034],"ratio":[1.5121,1.4672,1.4458,1.4705,1.5834],"irr":[0.049429,0.05177,0.054258,0.05607,0.058683],"repl_rate":[0.572875,0.607168,0.647206,0.687409,0.737442],"initial_real_benefit":[2018.41,2144.08,2269.18,2409.21,2591.61],"death_age":[86.2,86.7,87.3,87.8,88.3]}}}
