{"meta":{"worker_type":"custom_50k","worker_label":"$50K Earner","claim_age":65,"sex":"all","marital":"single","categories":["pia","nra"],"combo_keys":["reduce_fact3","flat_benefit","simpson_bowles_pia","nra_to_68","reduce_fact3+nra_to_68","flat_benefit+nra_to_68","simpson_bowles_pia+nra_to_68","index_nra","reduce_fact3+index_nra","flat_benefit+index_nra","simpson_bowles_pia+index_nra","nra_to_69_index","reduce_fact3+nra_to_69_index","flat_benefit+nra_to_69_index","simpson_bowles_pia+nra_to_69_index"]},"data":{"reduce_fact3":{"birth_years":[1970,1980,1990,2000,2010],"monthly_benefit":[2495,3301,4264,5525,7254],"pv_benefits":[432952,472369,509060,547128,597702],"pv_taxes":[283887,313791,344492,365399,372034],"ratio":[1.5251,1.5054,1.4777,1.4973,1.6066],"irr":[0.049712,0.052615,0.054975,0.056653,0.059145],"repl_rate":[0.577971,0.622829,0.661478,0.699951,0.748168],"initial_real_benefit":[2036.36,2199.38,2319.22,2453.17,2629.31],"death_age":[86.2,86.7,87.3,87.8,88.3]},"flat_benefit":{"birth_years":[1970,1980,1990,2000,2010],"monthly_benefit":[2375,2693,3076,4136,5792],"pv_benefits":[412175,385286,367222,409631,477187],"pv_taxes":[283887,313791,344492,365399,372034],"ratio":[1.4519,1.2278,1.066,1.1211,1.2826],"irr":[0.048084,0.045862,0.044173,0.047259,0.051956],"repl_rate":[0.550173,0.508112,0.477183,0.523981,0.59738],"initial_real_benefit":[1938.42,1794.28,1673.06,1836.43,2099.39],"death_age":[86.2,86.7,87.3,87.8,88.3]},"simpson_bowles_pia":{"birth_years":[1970,1980,1990,2000,2010],"monthly_benefit":[2473,3218,4172,5426,7150],"pv_benefits":[429264,460398,498051,537333,589075],"pv_taxes":[283887,313791,344492,365399,372034],"ratio":[1.5121,1.4672,1.4458,1.4705,1.5834],"irr":[0.049429,0.05177,0.054258,0.05607,0.058683],"repl_rate":[0.572875,0.607168,0.647206,0.687409,0.737442],"initial_real_benefit":[2018.41,2144.08,2269.18,2409.21,2591.61],"death_age":[86.2,86.7,87.3,87.8,88.3]},"nra_to_68":{"birth_years":[1970,1980,1990,2000,2010],"monthly_benefit":[2447,3132,3936,5100,6696],"pv_benefits":[424628,448133,469892,505048,551717],"pv_taxes":[283887,313791,344492,365399,372034],"ratio":[1.4958,1.4281,1.364,1.3822,1.483],"irr":[0.04907,0.050878,0.052346,0.054069,0.056598],"repl_rate":[0.566852,0.590942,0.610595,0.646108,0.690617],"initial_real_benefit":[1997.19,2086.78,2140.82,2264.46,2427.06],"death_age":[86.2,86.7,87.3,87.8,88.3]},"reduce_fact3+nra_to_68":{"birth_years":[1970,1980,1990,2000,2010],"monthly_benefit":[2447,3132,3936,5100,6696],"pv_benefits":[424628,448133,469892,505048,551717],"pv_taxes":[283887,313791,344492,365399,372034],"ratio":[1.4958,1.4281,1.364,1.3822,1.483],"irr":[0.04907,0.050878,0.052346,0.054069,0.056598],"repl_rate":[0.566852,0.590942,0.610595,0.646108,0.690617],"initial_real_benefit":[1997.19,2086.78,2140.82,2264.46,2427.06],"death_age":[86.2,86.7,87.3,87.8,88.3]},"flat_benefit+nra_to_68":{"birth_years":[1970,1980,1990,2000,2010],"monthly_benefit":[2330,2555,2839,3818,5346],"pv_benefits":[404265,365521,338971,378124,440482],"pv_taxes":[283887,313791,344492,365399,372034],"ratio":[1.424,1.1649,0.984,1.0348,1.184],"irr":[0.047442,0.044102,0.041493,0.044635,0.049381],"repl_rate":[0.539749,0.482074,0.440417,0.483694,0.55138],"initial_real_benefit":[1901.69,1702.34,1544.15,1695.24,1937.73],"death_age":[86.2,86.7,87.3,87.8,88.3]},"simpson_bowles_pia+nra_to_68":{"birth_years":[1970,1980,1990,2000,2010],"monthly_benefit":[2426,3053,3851,5008,6600],"pv_benefits":[421003,436773,459725,495994,543759],"pv_taxes":[283887,313791,344492,365399,372034],"ratio":[1.483,1.3919,1.3345,1.3574,1.4616],"irr":[0.048786,0.050029,0.051625,0.053484,0.056135],"repl_rate":[0.561987,0.576036,0.597409,0.634453,0.680716],"initial_real_benefit":[1980.05,2034.14,2094.59,2223.61,2392.26],"death_age":[86.2,86.7,87.3,87.8,88.3]},"index_nra":{"birth_years":[1970,1980,1990,2000,2010],"monthly_benefit":[2447,3132,3915,4941,6313],"pv_benefits":[424628,448133,467443,489263,520111],"pv_taxes":[283887,313791,344492,365399,372034],"ratio":[1.4958,1.4281,1.3569,1.339,1.398],"irr":[0.04907,0.050878,0.052173,0.053042,0.054715],"repl_rate":[0.566852,0.590942,0.607337,0.625965,0.651115],"initial_real_benefit":[1997.19,2086.78,2129.4,2193.86,2288.23],"death_age":[86.2,86.7,87.3,87.8,88.3]},"reduce_fact3+index_nra":{"birth_years":[1970,1980,1990,2000,2010],"monthly_benefit":[2447,3132,3915,4941,6313],"pv_benefits":[424628,448133,467443,489263,520111],"pv_taxes":[283887,313791,344492,365399,372034],"ratio":[1.4958,1.4281,1.3569,1.339,1.398],"irr":[0.04907,0.050878,0.052173,0.053042,0.054715],"repl_rate":[0.566852,0.590942,0.607337,0.625965,0.651115],"initial_real_benefit":[1997.19,2086.78,2129.4,2193.86,2288.23],"death_age":[86.2,86.7,87.3,87.8,88.3]},"flat_benefit+index_nra":{"birth_years":[1970,1980,1990,2000,2010],"monthly_benefit":[2330,2555,2824,3699,5040],"pv_benefits":[404265,365521,337201,366310,415243],"pv_taxes":[283887,313791,344492,365399,372034],"ratio":[1.424,1.1649,0.9788,1.0025,1.1161],"irr":[0.047442,0.044102,0.041318,0.043591,0.047476],"repl_rate":[0.539749,0.482074,0.43809,0.468619,0.519819],"initial_real_benefit":[1901.69,1702.34,1535.99,1642.4,1826.82],"death_age":[86.2,86.7,87.3,87.8,88.3]},"simpson_bowles_pia+index_nra":{"birth_years":[1970,1980,1990,2000,2010],"monthly_benefit":[2426,3053,3831,4852,6222],"pv_benefits":[421003,436773,457339,480495,512605],"pv_taxes":[283887,313791,344492,365399,372034],"ratio":[1.483,1.3919,1.3276,1.315,1.3778],"irr":[0.048786,0.050029,0.051454,0.052456,0.05425],"repl_rate":[0.561987,0.576036,0.594306,0.61469,0.641729],"initial_real_benefit":[1980.05,2034.14,2083.71,2154.35,2255.25],"death_age":[86.2,86.7,87.3,87.8,88.3]},"nra_to_69_index":{"birth_years":[1970,1980,1990,2000,2010],"monthly_benefit":[2303,2825,3546,4462,5859],"pv_benefits":[399632,404216,423389,441894,482742],"pv_taxes":[283887,313791,344492,365399,372034],"ratio":[1.4077,1.2882,1.229,1.2093,1.2976],"irr":[0.047059,0.04746,0.048905,0.049734,0.052327],"repl_rate":[0.533494,0.533018,0.550094,0.565281,0.60429],"initial_real_benefit":[1879.66,1882.23,1928.69,1981.18,2123.67],"death_age":[86.2,86.7,87.3,87.8,88.3]},"reduce_fact3+nra_to_69_index":{"birth_years":[1970,1980,1990,2000,2010],"monthly_benefit":[2303,2825,3546,4462,5859],"pv_benefits":[399632,404216,423389,441894,482742],"pv_taxes":[283887,313791,344492,365399,372034],"ratio":[1.4077,1.2882,1.229,1.2093,1.2976],"irr":[0.047059,0.04746,0.048905,0.049734,0.052327],"repl_rate":[0.533494,0.533018,0.550094,0.565281,0.60429],"initial_real_benefit":[1879.66,1882.23,1928.69,1981.18,2123.67],"death_age":[86.2,86.7,87.3,87.8,88.3]},"flat_benefit+nra_to_69_index":{"birth_years":[1970,1980,1990,2000,2010],"monthly_benefit":[2192,2304,2558,3341,4678],"pv_benefits":[380463,329711,305422,330849,385414],"pv_taxes":[283887,313791,344492,365399,372034],"ratio":[1.3402,1.0507,0.8866,0.9054,1.036],"irr":[0.045424,0.040638,0.037986,0.04023,0.04506],"repl_rate":[0.507781,0.434716,0.396825,0.423264,0.482483],"initial_real_benefit":[1789.06,1535.1,1391.31,1483.44,1695.6],"death_age":[86.2,86.7,87.3,87.8,88.3]},"simpson_bowles_pia+nra_to_69_index":{"birth_years":[1970,1980,1990,2000,2010],"monthly_benefit":[2283,2754,3470,4382,5775],"pv_benefits":[396209,393996,414224,433990,475788],"pv_taxes":[283887,313791,344492,365399,372034],"ratio":[1.3957,1.2556,1.2024,1.1877,1.2789],"irr":[0.046774,0.046607,0.04818,0.049145,0.051862],"repl_rate":[0.528861,0.519621,0.538304,0.555146,0.595626],"initial_real_benefit":[1863.33,1834.93,1887.36,1945.66,2093.23],"death_age":[86.2,86.7,87.3,87.8,88.3]}}}
