{"meta":{"worker_type":"high","worker_label":"High Earner","claim_age":65,"sex":"all","marital":"single","categories":"pia","combo_keys":["reduce_fact3","flat_benefit","simpson_bowles_pia"]},"data":{"reduce_fact3":{"birth_years":[1970,1980,1990,2000,2010],"monthly_benefit":[4014,5617,7972,11259,15962],"pv_benefits":[696681,803647,951752,1115045,1315107],"pv_taxes":[617771,786924,1011376,1251318,1475569],"ratio":[1.1277,1.0213,0.941,0.8911,0.8913],"irr":[0.03964,0.039677,0.039995,0.039701,0.040156],"repl_rate":[0.427299,0.422604,0.42124,0.416519,0.415082],"initial_real_benefit":[3276.14,3742.48,4336.03,4999.13,5785.64],"death_age":[86.2,86.7,87.3,87.8,88.3]},"flat_benefit":{"birth_years":[1970,1980,1990,2000,2010],"monthly_benefit":[3783,4080,3808,4818,6831],"pv_benefits":[656526,583741,454618,477145,562790],"pv_taxes":[617771,786924,1011376,1251318,1475569],"ratio":[1.0627,0.7418,0.4495,0.3813,0.3814],"irr":[0.037634,0.028755,0.014562,0.010853,0.011697],"repl_rate":[0.402708,0.306965,0.201214,0.178239,0.177636],"initial_real_benefit":[3087.6,2718.41,2071.2,2139.25,2475.99],"death_age":[86.2,86.7,87.3,87.8,88.3]},"simpson_bowles_pia":{"birth_years":[1970,1980,1990,2000,2010],"monthly_benefit":[3998,5537,7858,11098,15734],"pv_benefits":[693829,792230,938149,1099106,1296353],"pv_taxes":[617771,786924,1011376,1251318,1475569],"ratio":[1.1231,1.0067,0.9276,0.8784,0.8785],"irr":[0.039502,0.039194,0.03951,0.039223,0.039685],"repl_rate":[0.425595,0.416585,0.415216,0.410563,0.409153],"initial_real_benefit":[3263.08,3689.17,4274.02,4927.64,5703],"death_age":[86.2,86.7,87.3,87.8,88.3]}}}
