{"meta":{"worker_type":"high","worker_label":"High Earner","claim_age":65,"sex":"all","marital":"single","categories":["pia","nra"],"combo_keys":["reduce_fact3","flat_benefit","simpson_bowles_pia","nra_to_68","reduce_fact3+nra_to_68","flat_benefit+nra_to_68","simpson_bowles_pia+nra_to_68","index_nra","reduce_fact3+index_nra","flat_benefit+index_nra","simpson_bowles_pia+index_nra","nra_to_69_index","reduce_fact3+nra_to_69_index","flat_benefit+nra_to_69_index","simpson_bowles_pia+nra_to_69_index"]},"data":{"reduce_fact3":{"birth_years":[1970,1980,1990,2000,2010],"monthly_benefit":[4014,5617,7972,11259,15962],"pv_benefits":[696681,803647,951752,1115045,1315107],"pv_taxes":[617771,786924,1011376,1251318,1475569],"ratio":[1.1277,1.0213,0.941,0.8911,0.8913],"irr":[0.03964,0.039677,0.039995,0.039701,0.040156],"repl_rate":[0.427299,0.422604,0.42124,0.416519,0.415082],"initial_real_benefit":[3276.14,3742.48,4336.03,4999.13,5785.64],"death_age":[86.2,86.7,87.3,87.8,88.3]},"flat_benefit":{"birth_years":[1970,1980,1990,2000,2010],"monthly_benefit":[3783,4080,3808,4818,6831],"pv_benefits":[656526,583741,454618,477145,562790],"pv_taxes":[617771,786924,1011376,1251318,1475569],"ratio":[1.0627,0.7418,0.4495,0.3813,0.3814],"irr":[0.037634,0.028755,0.014562,0.010853,0.011697],"repl_rate":[0.402708,0.306965,0.201214,0.178239,0.177636],"initial_real_benefit":[3087.6,2718.41,2071.2,2139.25,2475.99],"death_age":[86.2,86.7,87.3,87.8,88.3]},"simpson_bowles_pia":{"birth_years":[1970,1980,1990,2000,2010],"monthly_benefit":[3998,5537,7858,11098,15734],"pv_benefits":[693829,792230,938149,1099106,1296353],"pv_taxes":[617771,786924,1011376,1251318,1475569],"ratio":[1.1231,1.0067,0.9276,0.8784,0.8785],"irr":[0.039502,0.039194,0.03951,0.039223,0.039685],"repl_rate":[0.425595,0.416585,0.415216,0.410563,0.409153],"initial_real_benefit":[3263.08,3689.17,4274.02,4927.64,5703],"death_age":[86.2,86.7,87.3,87.8,88.3]},"nra_to_68":{"birth_years":[1970,1980,1990,2000,2010],"monthly_benefit":[3994,5593,7723,10909,15465],"pv_benefits":[693163,800325,922102,1080353,1274198],"pv_taxes":[617771,786924,1011376,1251318,1475569],"ratio":[1.122,1.017,0.9117,0.8634,0.8635],"irr":[0.039469,0.039537,0.038929,0.038652,0.03912],"repl_rate":[0.42517,0.420799,0.408083,0.403571,0.402158],"initial_real_benefit":[3259.81,3726.49,4200.59,4843.72,5605.5],"death_age":[86.2,86.7,87.3,87.8,88.3]},"reduce_fact3+nra_to_68":{"birth_years":[1970,1980,1990,2000,2010],"monthly_benefit":[3937,5329,7358,10393,14734],"pv_benefits":[683285,762438,878545,1029268,1213934],"pv_taxes":[617771,786924,1011376,1251318,1475569],"ratio":[1.106,0.9689,0.8687,0.8225,0.8227],"irr":[0.038985,0.037896,0.037296,0.037042,0.037529],"repl_rate":[0.419102,0.400936,0.388796,0.384482,0.383149],"initial_real_benefit":[3213.29,3550.59,4002.07,4614.61,5340.54],"death_age":[86.2,86.7,87.3,87.8,88.3]},"flat_benefit+nra_to_68":{"birth_years":[1970,1980,1990,2000,2010],"monthly_benefit":[3710,3871,3515,4448,6305],"pv_benefits":[643878,553810,419636,440432,519497],"pv_taxes":[617771,786924,1011376,1251318,1475569],"ratio":[1.0423,0.7038,0.4149,0.352,0.3521],"irr":[0.036975,0.026932,0.011734,0.008056,0.008942],"repl_rate":[0.394937,0.291241,0.185732,0.164551,0.163958],"initial_real_benefit":[3028.02,2579.16,1911.83,1974.96,2285.33],"death_age":[86.2,86.7,87.3,87.8,88.3]},"simpson_bowles_pia+nra_to_68":{"birth_years":[1970,1980,1990,2000,2010],"monthly_benefit":[3921,5253,7253,10245,14524],"pv_benefits":[680464,751590,865970,1014550,1196624],"pv_taxes":[617771,786924,1011376,1251318,1475569],"ratio":[1.1015,0.9551,0.8562,0.8108,0.811],"irr":[0.038845,0.037409,0.036808,0.036562,0.037057],"repl_rate":[0.417399,0.395218,0.383248,0.379007,0.377688],"initial_real_benefit":[3200.23,3499.95,3944.96,4548.9,5264.42],"death_age":[86.2,86.7,87.3,87.8,88.3]},"index_nra":{"birth_years":[1970,1980,1990,2000,2010],"monthly_benefit":[3994,5593,7683,10568,14579],"pv_benefits":[693163,800325,917304,1046592,1201198],"pv_taxes":[617771,786924,1011376,1251318,1475569],"ratio":[1.122,1.017,0.907,0.8364,0.8141],"irr":[0.039469,0.039537,0.038753,0.037597,0.037183],"repl_rate":[0.42517,0.420799,0.405969,0.390956,0.379118],"initial_real_benefit":[3259.81,3726.49,4178.84,4692.32,5284.36],"death_age":[86.2,86.7,87.3,87.8,88.3]},"reduce_fact3+index_nra":{"birth_years":[1970,1980,1990,2000,2010],"monthly_benefit":[3937,5329,7320,10068,13890],"pv_benefits":[683285,762438,873970,997099,1144388],"pv_taxes":[617771,786924,1011376,1251318,1475569],"ratio":[1.106,0.9689,0.8641,0.7968,0.7756],"irr":[0.038985,0.037896,0.037119,0.035984,0.035587],"repl_rate":[0.419102,0.400936,0.386788,0.372459,0.361201],"initial_real_benefit":[3213.29,3550.59,3981.4,4470.31,5034.62],"death_age":[86.2,86.7,87.3,87.8,88.3]},"flat_benefit+index_nra":{"birth_years":[1970,1980,1990,2000,2010],"monthly_benefit":[3710,3871,3497,4309,5944],"pv_benefits":[643878,553810,417458,426680,489732],"pv_taxes":[617771,786924,1011376,1251318,1475569],"ratio":[1.0423,0.7038,0.4128,0.341,0.3319],"irr":[0.036975,0.026932,0.01155,0.006944,0.006903],"repl_rate":[0.394937,0.291241,0.184781,0.159409,0.15457],"initial_real_benefit":[3028.02,2579.16,1902.04,1913.25,2154.48],"death_age":[86.2,86.7,87.3,87.8,88.3]},"simpson_bowles_pia+index_nra":{"birth_years":[1970,1980,1990,2000,2010],"monthly_benefit":[3921,5253,7216,9925,13692],"pv_benefits":[680464,751590,861478,982861,1128071],"pv_taxes":[617771,786924,1011376,1251318,1475569],"ratio":[1.1015,0.9551,0.8518,0.7855,0.7645],"irr":[0.038845,0.037409,0.036632,0.035504,0.035113],"repl_rate":[0.417399,0.395218,0.381293,0.367169,0.356052],"initial_real_benefit":[3200.23,3499.95,3924.83,4406.82,4962.85],"death_age":[86.2,86.7,87.3,87.8,88.3]},"nra_to_69_index":{"birth_years":[1970,1980,1990,2000,2010],"monthly_benefit":[3759,5045,6959,9545,13532],"pv_benefits":[652381,721885,830853,945292,1114930],"pv_taxes":[617771,786924,1011376,1251318,1475569],"ratio":[1.056,0.9174,0.8215,0.7554,0.7556],"irr":[0.03742,0.036039,0.035406,0.034201,0.034726],"repl_rate":[0.400153,0.379569,0.367713,0.353111,0.351891],"initial_real_benefit":[3068.01,3361.37,3785.05,4238.09,4904.86],"death_age":[86.2,86.7,87.3,87.8,88.3]},"reduce_fact3+nra_to_69_index":{"birth_years":[1970,1980,1990,2000,2010],"monthly_benefit":[3706,4807,6630,9094,12892],"pv_benefits":[643090,687745,791589,900612,1062182],"pv_taxes":[617771,786924,1011376,1251318,1475569],"ratio":[1.041,0.874,0.7827,0.7197,0.7198],"irr":[0.036934,0.034387,0.033761,0.032579,0.033123],"repl_rate":[0.394511,0.361663,0.350329,0.336426,0.335249],"initial_real_benefit":[3024.76,3202.79,3606.1,4037.84,4672.88],"death_age":[86.2,86.7,87.3,87.8,88.3]},"flat_benefit+nra_to_69_index":{"birth_years":[1970,1980,1990,2000,2010],"monthly_benefit":[3492,3491,3167,3892,5517],"pv_benefits":[605990,499546,378100,385373,454557],"pv_taxes":[617771,786924,1011376,1251318,1475569],"ratio":[0.9809,0.6348,0.3738,0.308,0.3081],"irr":[0.034914,0.023343,0.008033,0.003361,0.004318],"repl_rate":[0.371731,0.262651,0.167344,0.143982,0.143466],"initial_real_benefit":[2850.09,2325.97,1722.55,1728.09,1999.71],"death_age":[86.2,86.7,87.3,87.8,88.3]},"simpson_bowles_pia+nra_to_69_index":{"birth_years":[1970,1980,1990,2000,2010],"monthly_benefit":[3690,4738,6536,8964,12708],"pv_benefits":[640449,677952,780286,887735,1047042],"pv_taxes":[617771,786924,1011376,1251318,1475569],"ratio":[1.0367,0.8615,0.7715,0.7094,0.7096],"irr":[0.036794,0.033897,0.033271,0.032095,0.032647],"repl_rate":[0.392808,0.356471,0.345362,0.331617,0.330464],"initial_real_benefit":[3011.7,3156.82,3554.98,3980.12,4606.19],"death_age":[86.2,86.7,87.3,87.8,88.3]}}}
