{"meta":{"worker_type":"low","worker_label":"Low Earner","claim_age":65,"sex":"all","marital":"single","categories":["pia","nra"],"combo_keys":["reduce_fact3","flat_benefit","simpson_bowles_pia","nra_to_68","reduce_fact3+nra_to_68","flat_benefit+nra_to_68","simpson_bowles_pia+nra_to_68","index_nra","reduce_fact3+index_nra","flat_benefit+index_nra","simpson_bowles_pia+index_nra","nra_to_69_index","reduce_fact3+nra_to_69_index","flat_benefit+nra_to_69_index","simpson_bowles_pia+nra_to_69_index"]},"data":{"reduce_fact3":{"birth_years":[1970,1980,1990,2000,2010],"monthly_benefit":[1866,2701,3833,5415,7676],"pv_benefits":[323757,386475,457644,536242,632464],"pv_taxes":[173746,221317,284442,351926,414998],"ratio":[1.8634,1.7463,1.6089,1.5237,1.524],"irr":[0.056285,0.057478,0.057754,0.057214,0.057467],"repl_rate":[0.7063,0.722566,0.720155,0.712293,0.709751],"initial_real_benefit":[1522.99,1799.61,2084.8,2404.32,2782.27],"death_age":[86.2,86.7,87.3,87.8,88.3]},"flat_benefit":{"birth_years":[1970,1980,1990,2000,2010],"monthly_benefit":[1812,2366,2992,4123,5845],"pv_benefits":[314463,338497,357176,408272,481525],"pv_taxes":[173746,221317,284442,351926,414998],"ratio":[1.8099,1.5295,1.2557,1.1601,1.1603],"irr":[0.055335,0.053137,0.049615,0.048378,0.048729],"repl_rate":[0.68586,0.632948,0.562145,0.542342,0.54045],"initial_real_benefit":[1478.91,1576.41,1627.37,1830.66,2118.6],"death_age":[86.2,86.7,87.3,87.8,88.3]},"simpson_bowles_pia":{"birth_years":[1970,1980,1990,2000,2010],"monthly_benefit":[1856,2655,3768,5323,7545],"pv_benefits":[322122,379896,449843,527084,621667],"pv_taxes":[173746,221317,284442,351926,414998],"ratio":[1.854,1.7165,1.5815,1.4977,1.498],"irr":[0.05612,0.056917,0.057193,0.056659,0.056919],"repl_rate":[0.702515,0.710261,0.707942,0.700191,0.697639],"initial_real_benefit":[1514.83,1768.96,2049.44,2363.47,2734.79],"death_age":[86.2,86.7,87.3,87.8,88.3]},"nra_to_68":{"birth_years":[1970,1980,1990,2000,2010],"monthly_benefit":[1830,2563,3538,4998,7086],"pv_benefits":[317567,366660,422434,494972,583811],"pv_taxes":[173746,221317,284442,351926,414998],"ratio":[1.8278,1.6567,1.4851,1.4065,1.4068],"irr":[0.055656,0.055758,0.055138,0.054632,0.054914],"repl_rate":[0.692673,0.685649,0.664729,0.65744,0.655198],"initial_real_benefit":[1493.61,1707.67,1924.34,2219.17,2568.42],"death_age":[86.2,86.7,87.3,87.8,88.3]},"reduce_fact3+nra_to_68":{"birth_years":[1970,1980,1990,2000,2010],"monthly_benefit":[1830,2563,3538,4998,7086],"pv_benefits":[317567,366660,422434,494972,583811],"pv_taxes":[173746,221317,284442,351926,414998],"ratio":[1.8278,1.6567,1.4851,1.4065,1.4068],"irr":[0.055656,0.055758,0.055138,0.054632,0.054914],"repl_rate":[0.692673,0.685649,0.664729,0.65744,0.655198],"initial_real_benefit":[1493.61,1707.67,1924.34,2219.17,2568.42],"death_age":[86.2,86.7,87.3,87.8,88.3]},"flat_benefit+nra_to_68":{"birth_years":[1970,1980,1990,2000,2010],"monthly_benefit":[1777,2244,2762,3806,5395],"pv_benefits":[308429,321113,329712,376863,444490],"pv_taxes":[173746,221317,284442,351926,414998],"ratio":[1.7752,1.4509,1.1592,1.0709,1.0711],"irr":[0.054702,0.0514,0.046963,0.045758,0.046141],"repl_rate":[0.672612,0.600311,0.518932,0.500644,0.498842],"initial_real_benefit":[1450.35,1495.13,1502.27,1689.91,1955.49],"death_age":[86.2,86.7,87.3,87.8,88.3]},"simpson_bowles_pia+nra_to_68":{"birth_years":[1970,1980,1990,2000,2010],"monthly_benefit":[1820,2519,3478,4913,6965],"pv_benefits":[315895,360413,415254,486535,573843],"pv_taxes":[173746,221317,284442,351926,414998],"ratio":[1.8181,1.6285,1.4599,1.3825,1.3828],"irr":[0.055483,0.055196,0.054576,0.054076,0.054364],"repl_rate":[0.688888,0.673878,0.653456,0.646259,0.64401],"initial_real_benefit":[1485.44,1678.35,1891.71,2181.43,2524.56],"death_age":[86.2,86.7,87.3,87.8,88.3]},"index_nra":{"birth_years":[1970,1980,1990,2000,2010],"monthly_benefit":[1830,2563,3520,4842,6680],"pv_benefits":[317567,366660,420244,479507,550361],"pv_taxes":[173746,221317,284442,351926,414998],"ratio":[1.8278,1.6567,1.4774,1.3625,1.3262],"irr":[0.055656,0.055758,0.054967,0.053605,0.053026],"repl_rate":[0.692673,0.685649,0.661347,0.63692,0.617658],"initial_real_benefit":[1493.61,1707.67,1914.55,2149.91,2421.26],"death_age":[86.2,86.7,87.3,87.8,88.3]},"reduce_fact3+index_nra":{"birth_years":[1970,1980,1990,2000,2010],"monthly_benefit":[1830,2563,3520,4842,6680],"pv_benefits":[317567,366660,420244,479507,550361],"pv_taxes":[173746,221317,284442,351926,414998],"ratio":[1.8278,1.6567,1.4774,1.3625,1.3262],"irr":[0.055656,0.055758,0.054967,0.053605,0.053026],"repl_rate":[0.692673,0.685649,0.661347,0.63692,0.617658],"initial_real_benefit":[1493.61,1707.67,1914.55,2149.91,2421.26],"death_age":[86.2,86.7,87.3,87.8,88.3]},"flat_benefit+index_nra":{"birth_years":[1970,1980,1990,2000,2010],"monthly_benefit":[1777,2244,2747,3687,5086],"pv_benefits":[308429,321113,327986,365090,419017],"pv_taxes":[173746,221317,284442,351926,414998],"ratio":[1.7752,1.4509,1.1531,1.0374,1.0097],"irr":[0.054702,0.0514,0.046789,0.044717,0.044225],"repl_rate":[0.672612,0.600311,0.516114,0.48499,0.47027],"initial_real_benefit":[1450.35,1495.13,1494.11,1637.07,1843.49],"death_age":[86.2,86.7,87.3,87.8,88.3]},"simpson_bowles_pia+index_nra":{"birth_years":[1970,1980,1990,2000,2010],"monthly_benefit":[1820,2519,3460,4760,6566],"pv_benefits":[315895,360413,413086,471341,540963],"pv_taxes":[173746,221317,284442,351926,414998],"ratio":[1.8181,1.6285,1.4523,1.3393,1.3035],"irr":[0.055483,0.055196,0.054404,0.053049,0.052474],"repl_rate":[0.688888,0.673878,0.650074,0.626134,0.607117],"initial_real_benefit":[1485.44,1678.35,1881.92,2113.5,2379.94],"death_age":[86.2,86.7,87.3,87.8,88.3]},"nra_to_69_index":{"birth_years":[1970,1980,1990,2000,2010],"monthly_benefit":[1722,2312,3188,4373,6200],"pv_benefits":[298866,330738,380639,433102,510829],"pv_taxes":[173746,221317,284442,351926,414998],"ratio":[1.7201,1.4944,1.3382,1.2307,1.2309],"irr":[0.05367,0.052374,0.051715,0.050302,0.050633],"repl_rate":[0.651794,0.618502,0.59897,0.575227,0.573275],"initial_real_benefit":[1405.46,1540.43,1733.98,1941.66,2247.27],"death_age":[86.2,86.7,87.3,87.8,88.3]},"reduce_fact3+nra_to_69_index":{"birth_years":[1970,1980,1990,2000,2010],"monthly_benefit":[1722,2312,3188,4373,6200],"pv_benefits":[298866,330738,380639,433102,510829],"pv_taxes":[173746,221317,284442,351926,414998],"ratio":[1.7201,1.4944,1.3382,1.2307,1.2309],"irr":[0.05367,0.052374,0.051715,0.050302,0.050633],"repl_rate":[0.651794,0.618502,0.59897,0.575227,0.573275],"initial_real_benefit":[1405.46,1540.43,1733.98,1941.66,2247.27],"death_age":[86.2,86.7,87.3,87.8,88.3]},"flat_benefit+nra_to_69_index":{"birth_years":[1970,1980,1990,2000,2010],"monthly_benefit":[1673,2025,2488,3330,4721],"pv_benefits":[290270,289660,297074,329751,388924],"pv_taxes":[173746,221317,284442,351926,414998],"ratio":[1.6707,1.3088,1.0444,0.937,0.9372],"irr":[0.052713,0.047987,0.043489,0.041362,0.041798],"repl_rate":[0.633247,0.541724,0.467452,0.43803,0.436521],"initial_real_benefit":[1365.47,1349.21,1353.24,1478.56,1711.19],"death_age":[86.2,86.7,87.3,87.8,88.3]},"simpson_bowles_pia+nra_to_69_index":{"birth_years":[1970,1980,1990,2000,2010],"monthly_benefit":[1713,2272,3134,4299,6094],"pv_benefits":[297322,325102,374141,425716,502107],"pv_taxes":[173746,221317,284442,351926,414998],"ratio":[1.7112,1.4689,1.3154,1.2097,1.2099],"irr":[0.0535,0.051807,0.051148,0.049742,0.050078],"repl_rate":[0.648388,0.607801,0.588825,0.565493,0.563474],"initial_real_benefit":[1398.11,1513.78,1704.6,1908.81,2208.85],"death_age":[86.2,86.7,87.3,87.8,88.3]}}}
