{"meta":{"worker_type":"low","worker_label":"Low Earner","claim_age":65,"sex":"all","marital":"single","categories":"pia","combo_keys":["reduce_fact3","flat_benefit","simpson_bowles_pia"]},"data":{"reduce_fact3":{"birth_years":[1970,1980,1990,2000,2010],"monthly_benefit":[1866,2701,3833,5415,7676],"pv_benefits":[323757,386475,457644,536242,632464],"pv_taxes":[173746,221317,284442,351926,414998],"ratio":[1.8634,1.7463,1.6089,1.5237,1.524],"irr":[0.056285,0.057478,0.057754,0.057214,0.057467],"repl_rate":[0.7063,0.722566,0.720155,0.712293,0.709751],"initial_real_benefit":[1522.99,1799.61,2084.8,2404.32,2782.27],"death_age":[86.2,86.7,87.3,87.8,88.3]},"flat_benefit":{"birth_years":[1970,1980,1990,2000,2010],"monthly_benefit":[1812,2366,2992,4123,5845],"pv_benefits":[314463,338497,357176,408272,481525],"pv_taxes":[173746,221317,284442,351926,414998],"ratio":[1.8099,1.5295,1.2557,1.1601,1.1603],"irr":[0.055335,0.053137,0.049615,0.048378,0.048729],"repl_rate":[0.68586,0.632948,0.562145,0.542342,0.54045],"initial_real_benefit":[1478.91,1576.41,1627.37,1830.66,2118.6],"death_age":[86.2,86.7,87.3,87.8,88.3]},"simpson_bowles_pia":{"birth_years":[1970,1980,1990,2000,2010],"monthly_benefit":[1856,2655,3768,5323,7545],"pv_benefits":[322122,379896,449843,527084,621667],"pv_taxes":[173746,221317,284442,351926,414998],"ratio":[1.854,1.7165,1.5815,1.4977,1.498],"irr":[0.05612,0.056917,0.057193,0.056659,0.056919],"repl_rate":[0.702515,0.710261,0.707942,0.700191,0.697639],"initial_real_benefit":[1514.83,1768.96,2049.44,2363.47,2734.79],"death_age":[86.2,86.7,87.3,87.8,88.3]}}}
