{"meta":{"worker_type":"max","worker_label":"Maximum Earner","claim_age":65,"sex":"all","marital":"single","categories":["pia","nra"],"combo_keys":["reduce_fact3","flat_benefit","simpson_bowles_pia","nra_to_68","reduce_fact3+nra_to_68","flat_benefit+nra_to_68","simpson_bowles_pia+nra_to_68","index_nra","reduce_fact3+index_nra","flat_benefit+index_nra","simpson_bowles_pia+index_nra","nra_to_69_index","reduce_fact3+nra_to_69_index","flat_benefit+nra_to_69_index","simpson_bowles_pia+nra_to_69_index"]},"data":{"reduce_fact3":{"birth_years":[1970,1980,1990,2000,2010],"monthly_benefit":[4743,6056,8588,12124,17193],"pv_benefits":[823054,866538,1025351,1200710,1416569],"pv_taxes":[1052222,1315794,1678325,2111753,2525862],"ratio":[0.7822,0.6586,0.6109,0.5686,0.5608],"irr":[0.02784,0.024775,0.025478,0.025336,0.025741],"repl_rate":[0.305822,0.274753,0.275735,0.272827,0.270544],"initial_real_benefit":[3871.13,4034.97,4671.07,5383.2,6231.84],"death_age":[86.2,86.7,87.3,87.8,88.3]},"flat_benefit":{"birth_years":[1970,1980,1990,2000,2010],"monthly_benefit":[4584,4713,3956,4818,6831],"pv_benefits":[795533,674273,472282,477145,562790],"pv_taxes":[1052222,1315794,1678325,2111753,2525862],"ratio":[0.7561,0.5124,0.2814,0.2259,0.2228],"irr":[0.026721,0.016372,-0.001037,-0.005924,-0.004968],"repl_rate":[0.29557,0.213823,0.127015,0.10842,0.107491],"initial_real_benefit":[3741.36,3140.16,2151.7,2139.25,2475.99],"death_age":[86.2,86.7,87.3,87.8,88.3]},"simpson_bowles_pia":{"birth_years":[1970,1980,1990,2000,2010],"monthly_benefit":[4817,6416,9091,12829,18197],"pv_benefits":[835975,917955,1085372,1270517,1499234],"pv_taxes":[1052222,1315794,1678325,2111753,2525862],"ratio":[0.7945,0.6976,0.6467,0.6016,0.5936],"irr":[0.028351,0.026677,0.027352,0.027173,0.027553],"repl_rate":[0.310593,0.291086,0.291885,0.288692,0.286343],"initial_real_benefit":[3931.53,4274.83,4944.66,5696.23,6595.75],"death_age":[86.2,86.7,87.3,87.8,88.3]},"nra_to_68":{"birth_years":[1970,1980,1990,2000,2010],"monthly_benefit":[4887,6844,9431,13305,18875],"pv_benefits":[848101,979289,1125984,1317638,1555143],"pv_taxes":[1052222,1315794,1678325,2111753,2525862],"ratio":[0.806,0.7443,0.6709,0.624,0.6157],"irr":[0.028823,0.028798,0.028558,0.028351,0.028719],"repl_rate":[0.315107,0.310504,0.302801,0.299404,0.297012],"initial_real_benefit":[3988.66,4560,5129.59,5907.58,6841.5],"death_age":[86.2,86.7,87.3,87.8,88.3]},"reduce_fact3+nra_to_68":{"birth_years":[1970,1980,1990,2000,2010],"monthly_benefit":[4651,5746,7927,11192,15870],"pv_benefits":[807217,822102,946480,1108347,1307586],"pv_taxes":[1052222,1315794,1678325,2111753,2525862],"ratio":[0.7672,0.6248,0.5639,0.5248,0.5177],"irr":[0.027201,0.023029,0.022825,0.022721,0.023169],"repl_rate":[0.29989,0.260689,0.254512,0.251855,0.249726],"initial_real_benefit":[3796.04,3828.43,4311.55,4969.38,5752.3],"death_age":[86.2,86.7,87.3,87.8,88.3]},"flat_benefit+nra_to_68":{"birth_years":[1970,1980,1990,2000,2010],"monthly_benefit":[4496,4471,3651,4448,6305],"pv_benefits":[780215,639690,435943,440432,519497],"pv_taxes":[1052222,1315794,1678325,2111753,2525862],"ratio":[0.7415,0.4862,0.2597,0.2086,0.2057],"irr":[0.026079,0.014582,-0.003881,-0.008752,-0.007741],"repl_rate":[0.289896,0.202844,0.117223,0.100094,0.099214],"initial_real_benefit":[3669.54,2978.92,1985.8,1974.96,2285.33],"death_age":[86.2,86.7,87.3,87.8,88.3]},"simpson_bowles_pia+nra_to_68":{"birth_years":[1970,1980,1990,2000,2010],"monthly_benefit":[4724,6086,8392,11842,16797],"pv_benefits":[819900,870876,1001896,1172785,1383911],"pv_taxes":[1052222,1315794,1678325,2111753,2525862],"ratio":[0.7792,0.6619,0.597,0.5554,0.5479],"irr":[0.027714,0.02494,0.024713,0.024569,0.024993],"repl_rate":[0.304597,0.276114,0.269442,0.266482,0.264313],"initial_real_benefit":[3855.62,4054.96,4564.47,5257.99,6088.3],"death_age":[86.2,86.7,87.3,87.8,88.3]},"index_nra":{"birth_years":[1970,1980,1990,2000,2010],"monthly_benefit":[4887,6844,9382,12889,17794],"pv_benefits":[848101,979289,1120117,1276458,1466050],"pv_taxes":[1052222,1315794,1678325,2111753,2525862],"ratio":[0.806,0.7443,0.6674,0.6045,0.5804],"irr":[0.028823,0.028798,0.028387,0.027324,0.026839],"repl_rate":[0.315107,0.310504,0.301228,0.290042,0.280002],"initial_real_benefit":[3988.66,4560,5102.94,5722.87,6449.68],"death_age":[86.2,86.7,87.3,87.8,88.3]},"reduce_fact3+index_nra":{"birth_years":[1970,1980,1990,2000,2010],"monthly_benefit":[4651,5746,7886,10842,14961],"pv_benefits":[807217,822102,941555,1073714,1232678],"pv_taxes":[1052222,1315794,1678325,2111753,2525862],"ratio":[0.7672,0.6248,0.561,0.5084,0.488],"irr":[0.027201,0.023029,0.022652,0.021679,0.021263],"repl_rate":[0.29989,0.260689,0.253196,0.243978,0.235422],"initial_real_benefit":[3796.04,3828.43,4289.25,4813.98,5422.82],"death_age":[86.2,86.7,87.3,87.8,88.3]},"flat_benefit+index_nra":{"birth_years":[1970,1980,1990,2000,2010],"monthly_benefit":[4496,4471,3632,4309,5944],"pv_benefits":[780215,639690,433678,426680,489732],"pv_taxes":[1052222,1315794,1678325,2111753,2525862],"ratio":[0.7415,0.4862,0.2584,0.202,0.1939],"irr":[0.026079,0.014582,-0.004067,-0.009877,-0.009796],"repl_rate":[0.289896,0.202844,0.116613,0.096966,0.093533],"initial_real_benefit":[3669.54,2978.92,1975.47,1913.25,2154.48],"death_age":[86.2,86.7,87.3,87.8,88.3]},"simpson_bowles_pia+index_nra":{"birth_years":[1970,1980,1990,2000,2010],"monthly_benefit":[4724,6086,8348,11472,15835],"pv_benefits":[819900,870876,996669,1136136,1304630],"pv_taxes":[1052222,1315794,1678325,2111753,2525862],"ratio":[0.7792,0.6619,0.5938,0.538,0.5165],"irr":[0.027714,0.02494,0.02454,0.023532,0.023096],"repl_rate":[0.304597,0.276114,0.268029,0.258155,0.249175],"initial_real_benefit":[3855.62,4054.96,4540.54,5093.7,5739.61],"death_age":[86.2,86.7,87.3,87.8,88.3]},"nra_to_69_index":{"birth_years":[1970,1980,1990,2000,2010],"monthly_benefit":[4599,6173,8498,11642,16516],"pv_benefits":[798216,883340,1014553,1152928,1360756],"pv_taxes":[1052222,1315794,1678325,2111753,2525862],"ratio":[0.7586,0.6713,0.6045,0.546,0.5387],"irr":[0.026832,0.02541,0.025128,0.024012,0.024451],"repl_rate":[0.296537,0.280061,0.272845,0.261981,0.259891],"initial_real_benefit":[3753.6,4112.93,4622.12,5169.19,5986.45],"death_age":[86.2,86.7,87.3,87.8,88.3]},"reduce_fact3+nra_to_69_index":{"birth_years":[1970,1980,1990,2000,2010],"monthly_benefit":[4378,5183,7143,9793,13887],"pv_benefits":[759741,741536,852809,969800,1144142],"pv_taxes":[1052222,1315794,1678325,2111753,2525862],"ratio":[0.722,0.5636,0.5081,0.4592,0.453],"irr":[0.0252,0.019582,0.019342,0.018318,0.018841],"repl_rate":[0.282287,0.235146,0.22934,0.220373,0.218522],"initial_real_benefit":[3573.23,3453.31,3885.13,4348.21,5033.53],"death_age":[86.2,86.7,87.3,87.8,88.3]},"flat_benefit+nra_to_69_index":{"birth_years":[1970,1980,1990,2000,2010],"monthly_benefit":[4231,4033,3290,3892,5517],"pv_benefits":[734334,577028,392804,385373,454557],"pv_taxes":[1052222,1315794,1678325,2111753,2525862],"ratio":[0.6979,0.4385,0.234,0.1825,0.18],"irr":[0.024073,0.011049,-0.007613,-0.013509,-0.012406],"repl_rate":[0.272809,0.182972,0.105632,0.087582,0.086814],"initial_real_benefit":[3453.25,2687.09,1789.45,1728.09,1999.71],"death_age":[86.2,86.7,87.3,87.8,88.3]},"simpson_bowles_pia+nra_to_69_index":{"birth_years":[1970,1980,1990,2000,2010],"monthly_benefit":[4446,5490,7561,10362,14697],"pv_benefits":[771662,785542,902737,1026176,1210925],"pv_taxes":[1052222,1315794,1678325,2111753,2525862],"ratio":[0.7334,0.597,0.5379,0.4859,0.4794],"irr":[0.025715,0.021513,0.021248,0.020187,0.020685],"repl_rate":[0.286672,0.249074,0.242761,0.233177,0.231268],"initial_real_benefit":[3628.73,3657.86,4112.48,4600.85,5327.13],"death_age":[86.2,86.7,87.3,87.8,88.3]}}}
