{"meta":{"worker_type":"max","worker_label":"Maximum Earner","claim_age":65,"sex":"all","marital":"single","categories":"pia","combo_keys":["reduce_fact3","flat_benefit","simpson_bowles_pia"]},"data":{"reduce_fact3":{"birth_years":[1970,1980,1990,2000,2010],"monthly_benefit":[4743,6056,8588,12124,17193],"pv_benefits":[823054,866538,1025351,1200710,1416569],"pv_taxes":[1052222,1315794,1678325,2111753,2525862],"ratio":[0.7822,0.6586,0.6109,0.5686,0.5608],"irr":[0.02784,0.024775,0.025478,0.025336,0.025741],"repl_rate":[0.305822,0.274753,0.275735,0.272827,0.270544],"initial_real_benefit":[3871.13,4034.97,4671.07,5383.2,6231.84],"death_age":[86.2,86.7,87.3,87.8,88.3]},"flat_benefit":{"birth_years":[1970,1980,1990,2000,2010],"monthly_benefit":[4584,4713,3956,4818,6831],"pv_benefits":[795533,674273,472282,477145,562790],"pv_taxes":[1052222,1315794,1678325,2111753,2525862],"ratio":[0.7561,0.5124,0.2814,0.2259,0.2228],"irr":[0.026721,0.016372,-0.001037,-0.005924,-0.004968],"repl_rate":[0.29557,0.213823,0.127015,0.10842,0.107491],"initial_real_benefit":[3741.36,3140.16,2151.7,2139.25,2475.99],"death_age":[86.2,86.7,87.3,87.8,88.3]},"simpson_bowles_pia":{"birth_years":[1970,1980,1990,2000,2010],"monthly_benefit":[4817,6416,9091,12829,18197],"pv_benefits":[835975,917955,1085372,1270517,1499234],"pv_taxes":[1052222,1315794,1678325,2111753,2525862],"ratio":[0.7945,0.6976,0.6467,0.6016,0.5936],"irr":[0.028351,0.026677,0.027352,0.027173,0.027553],"repl_rate":[0.310593,0.291086,0.291885,0.288692,0.286343],"initial_real_benefit":[3931.53,4274.83,4944.66,5696.23,6595.75],"death_age":[86.2,86.7,87.3,87.8,88.3]}}}
