{"meta":{"worker_type":"medium","worker_label":"Medium Earner","claim_age":65,"sex":"all","marital":"single","categories":"pia","combo_keys":["reduce_fact3","flat_benefit","simpson_bowles_pia"]},"data":{"reduce_fact3":{"birth_years":[1970,1980,1990,2000,2010],"monthly_benefit":[3079,4456,6324,8932,12663],"pv_benefits":[534264,637581,754990,884554,1043302],"pv_taxes":[386105,491829,632112,782069,922221],"ratio":[1.3837,1.2963,1.1944,1.131,1.1313],"irr":[0.046489,0.047671,0.047958,0.047549,0.047912],"repl_rate":[0.524421,0.536403,0.53465,0.528688,0.526865],"initial_real_benefit":[2513.01,2968.93,3439.67,3965.91,4589.88],"death_age":[86.2,86.7,87.3,87.8,88.3]},"flat_benefit":{"birth_years":[1970,1980,1990,2000,2010],"monthly_benefit":[2898,3322,3478,4562,6468],"pv_benefits":[502873,475339,415184,451801,532887],"pv_taxes":[386105,491829,632112,782069,922221],"ratio":[1.3024,0.9665,0.6568,0.5777,0.5778],"irr":[0.044471,0.037811,0.027763,0.025154,0.025797],"repl_rate":[0.493593,0.399894,0.29404,0.270026,0.269112],"initial_real_benefit":[2365.28,2213.37,1891.71,2025.58,2344.41],"death_age":[86.2,86.7,87.3,87.8,88.3]},"simpson_bowles_pia":{"birth_years":[1970,1980,1990,2000,2010],"monthly_benefit":[3046,4300,6103,8620,12220],"pv_benefits":[528618,615308,728598,853645,1006843],"pv_taxes":[386105,491829,632112,782069,922221],"ratio":[1.3691,1.2511,1.1526,1.0915,1.0918],"irr":[0.046135,0.046487,0.046777,0.046385,0.046761],"repl_rate":[0.5188,0.517624,0.515966,0.51022,0.508433],"initial_real_benefit":[2486.08,2864.99,3319.46,3827.38,4429.31],"death_age":[86.2,86.7,87.3,87.8,88.3]}}}
