{"meta":{"worker_type":"medium","worker_label":"Medium Earner","claim_age":65,"sex":"all","marital":"single","categories":["pia","nra"],"combo_keys":["reduce_fact3","flat_benefit","simpson_bowles_pia","nra_to_68","reduce_fact3+nra_to_68","flat_benefit+nra_to_68","simpson_bowles_pia+nra_to_68","index_nra","reduce_fact3+index_nra","flat_benefit+index_nra","simpson_bowles_pia+index_nra","nra_to_69_index","reduce_fact3+nra_to_69_index","flat_benefit+nra_to_69_index","simpson_bowles_pia+nra_to_69_index"]},"data":{"reduce_fact3":{"birth_years":[1970,1980,1990,2000,2010],"monthly_benefit":[3079,4456,6324,8932,12663],"pv_benefits":[534264,637581,754990,884554,1043302],"pv_taxes":[386105,491829,632112,782069,922221],"ratio":[1.3837,1.2963,1.1944,1.131,1.1313],"irr":[0.046489,0.047671,0.047958,0.047549,0.047912],"repl_rate":[0.524421,0.536403,0.53465,0.528688,0.526865],"initial_real_benefit":[2513.01,2968.93,3439.67,3965.91,4589.88],"death_age":[86.2,86.7,87.3,87.8,88.3]},"flat_benefit":{"birth_years":[1970,1980,1990,2000,2010],"monthly_benefit":[2898,3322,3478,4562,6468],"pv_benefits":[502873,475339,415184,451801,532887],"pv_taxes":[386105,491829,632112,782069,922221],"ratio":[1.3024,0.9665,0.6568,0.5777,0.5778],"irr":[0.044471,0.037811,0.027763,0.025154,0.025797],"repl_rate":[0.493593,0.399894,0.29404,0.270026,0.269112],"initial_real_benefit":[2365.28,2213.37,1891.71,2025.58,2344.41],"death_age":[86.2,86.7,87.3,87.8,88.3]},"simpson_bowles_pia":{"birth_years":[1970,1980,1990,2000,2010],"monthly_benefit":[3046,4300,6103,8620,12220],"pv_benefits":[528618,615308,728598,853645,1006843],"pv_taxes":[386105,491829,632112,782069,922221],"ratio":[1.3691,1.2511,1.1526,1.0915,1.0918],"irr":[0.046135,0.046487,0.046777,0.046385,0.046761],"repl_rate":[0.5188,0.517624,0.515966,0.51022,0.508433],"initial_real_benefit":[2486.08,2864.99,3319.46,3827.38,4429.31],"death_age":[86.2,86.7,87.3,87.8,88.3]},"nra_to_68":{"birth_years":[1970,1980,1990,2000,2010],"monthly_benefit":[3019,4228,5837,8245,11689],"pv_benefits":[523986,604896,696909,816511,963041],"pv_taxes":[386105,491829,632112,782069,922221],"ratio":[1.3571,1.2299,1.1025,1.044,1.0443],"irr":[0.045842,0.045918,0.045297,0.044926,0.045319],"repl_rate":[0.514202,0.508957,0.493477,0.488024,0.48634],"initial_real_benefit":[2464.04,2817.02,3174.78,3660.88,4236.84],"death_age":[86.2,86.7,87.3,87.8,88.3]},"reduce_fact3+nra_to_68":{"birth_years":[1970,1980,1990,2000,2010],"monthly_benefit":[3019,4228,5837,8245,11689],"pv_benefits":[523986,604896,696909,816511,963041],"pv_taxes":[386105,491829,632112,782069,922221],"ratio":[1.3571,1.2299,1.1025,1.044,1.0443],"irr":[0.045842,0.045918,0.045297,0.044926,0.045319],"repl_rate":[0.514202,0.508957,0.493477,0.488024,0.48634],"initial_real_benefit":[2464.04,2817.02,3174.78,3660.88,4236.84],"death_age":[86.2,86.7,87.3,87.8,88.3]},"flat_benefit+nra_to_68":{"birth_years":[1970,1980,1990,2000,2010],"monthly_benefit":[2842,3152,3210,4211,5970],"pv_benefits":[493209,450959,383242,417033,491888],"pv_taxes":[386105,491829,632112,782069,922221],"ratio":[1.2774,0.9169,0.6063,0.5332,0.5334],"irr":[0.043823,0.036022,0.025003,0.022425,0.023106],"repl_rate":[0.484055,0.37943,0.271383,0.24925,0.248391],"initial_real_benefit":[2319.58,2100.1,1745.94,1869.73,2163.91],"death_age":[86.2,86.7,87.3,87.8,88.3]},"simpson_bowles_pia+nra_to_68":{"birth_years":[1970,1980,1990,2000,2010],"monthly_benefit":[2988,4080,5633,7957,11280],"pv_benefits":[518477,583773,672532,787969,929390],"pv_taxes":[386105,491829,632112,782069,922221],"ratio":[1.3428,1.1869,1.0639,1.0075,1.0078],"irr":[0.04549,0.044731,0.044109,0.043756,0.044164],"repl_rate":[0.508922,0.491141,0.47623,0.470977,0.469323],"initial_real_benefit":[2438.74,2718.41,3063.83,3533,4088.59],"death_age":[86.2,86.7,87.3,87.8,88.3]},"index_nra":{"birth_years":[1970,1980,1990,2000,2010],"monthly_benefit":[3019,4228,5807,7987,11019],"pv_benefits":[523986,604896,693285,790997,907863],"pv_taxes":[386105,491829,632112,782069,922221],"ratio":[1.3571,1.2299,1.0968,1.0114,0.9844],"irr":[0.045842,0.045918,0.045123,0.043883,0.043401],"repl_rate":[0.514202,0.508957,0.490941,0.472753,0.458463],"initial_real_benefit":[2464.04,2817.02,3158.47,3546.32,3993.99],"death_age":[86.2,86.7,87.3,87.8,88.3]},"reduce_fact3+index_nra":{"birth_years":[1970,1980,1990,2000,2010],"monthly_benefit":[3019,4228,5807,7987,11019],"pv_benefits":[523986,604896,693285,790997,907863],"pv_taxes":[386105,491829,632112,782069,922221],"ratio":[1.3571,1.2299,1.0968,1.0114,0.9844],"irr":[0.045842,0.045918,0.045123,0.043883,0.043401],"repl_rate":[0.514202,0.508957,0.490941,0.472753,0.458463],"initial_real_benefit":[2464.04,2817.02,3158.47,3546.32,3993.99],"death_age":[86.2,86.7,87.3,87.8,88.3]},"flat_benefit+index_nra":{"birth_years":[1970,1980,1990,2000,2010],"monthly_benefit":[2842,3152,3193,4080,5628],"pv_benefits":[493209,450959,381242,404011,463709],"pv_taxes":[386105,491829,632112,782069,922221],"ratio":[1.2774,0.9169,0.6031,0.5166,0.5028],"irr":[0.043823,0.036022,0.024822,0.02134,0.021114],"repl_rate":[0.484055,0.37943,0.269946,0.241496,0.234162],"initial_real_benefit":[2319.58,2100.1,1736.69,1811.57,2039.95],"death_age":[86.2,86.7,87.3,87.8,88.3]},"simpson_bowles_pia+index_nra":{"birth_years":[1970,1980,1990,2000,2010],"monthly_benefit":[2988,4080,5604,7708,10634],"pv_benefits":[518477,583773,669041,763338,876142],"pv_taxes":[386105,491829,632112,782069,922221],"ratio":[1.3428,1.1869,1.0584,0.9761,0.95],"irr":[0.04549,0.044731,0.043935,0.04271,0.042242],"repl_rate":[0.508922,0.491141,0.473779,0.456239,0.442445],"initial_real_benefit":[2438.74,2718.41,3048.05,3422.44,3854.44],"death_age":[86.2,86.7,87.3,87.8,88.3]},"nra_to_69_index":{"birth_years":[1970,1980,1990,2000,2010],"monthly_benefit":[2842,3813,5259,7214,10227],"pv_benefits":[493151,545609,627939,714435,842659],"pv_taxes":[386105,491829,632112,782069,922221],"ratio":[1.2772,1.1093,0.9934,0.9135,0.9137],"irr":[0.043819,0.042465,0.041813,0.040524,0.04097],"repl_rate":[0.484055,0.459,0.444611,0.426999,0.425511],"initial_real_benefit":[2319.58,2540.51,2860.41,3203.1,3706.92],"death_age":[86.2,86.7,87.3,87.8,88.3]},"reduce_fact3+nra_to_69_index":{"birth_years":[1970,1980,1990,2000,2010],"monthly_benefit":[2842,3813,5259,7214,10227],"pv_benefits":[493151,545609,627939,714435,842659],"pv_taxes":[386105,491829,632112,782069,922221],"ratio":[1.2772,1.1093,0.9934,0.9135,0.9137],"irr":[0.043819,0.042465,0.041813,0.040524,0.04097],"repl_rate":[0.484055,0.459,0.444611,0.426999,0.425511],"initial_real_benefit":[2319.58,2540.51,2860.41,3203.1,3706.92],"death_age":[86.2,86.7,87.3,87.8,88.3]},"flat_benefit+nra_to_69_index":{"birth_years":[1970,1980,1990,2000,2010],"monthly_benefit":[2675,2843,2892,3685,5224],"pv_benefits":[464188,406778,345304,364912,430405],"pv_taxes":[386105,491829,632112,782069,922221],"ratio":[1.2022,0.8271,0.5463,0.4666,0.4667],"irr":[0.041792,0.0325,0.021387,0.017845,0.018589],"repl_rate":[0.455611,0.342234,0.244498,0.218116,0.217353],"initial_real_benefit":[2183.28,1894.23,1572.98,1636.18,1893.51],"death_age":[86.2,86.7,87.3,87.8,88.3]},"simpson_bowles_pia+nra_to_69_index":{"birth_years":[1970,1980,1990,2000,2010],"monthly_benefit":[2812,3680,5076,6962,9870],"pv_benefits":[487954,526549,605995,689471,813210],"pv_taxes":[386105,491829,632112,782069,922221],"ratio":[1.2638,1.0706,0.9587,0.8816,0.8818],"irr":[0.043465,0.041269,0.040619,0.039345,0.039806],"repl_rate":[0.478945,0.44299,0.42914,0.412083,0.410657],"initial_real_benefit":[2295.09,2451.9,2760.87,3091.21,3577.52],"death_age":[86.2,86.7,87.3,87.8,88.3]}}}
