{"meta":{"worker_type":"very_low","worker_label":"Very Low Earner","claim_age":65,"sex":"all","marital":"single","categories":"pia","combo_keys":["reduce_fact3","flat_benefit","simpson_bowles_pia"]},"data":{"reduce_fact3":{"birth_years":[1970,1980,1990,2000,2010],"monthly_benefit":[1425,2063,2928,4136,5863],"pv_benefits":[247223,295173,349527,409567,483059],"pv_taxes":[96503,122926,157983,195459,230484],"ratio":[2.5618,2.4012,2.2124,2.0954,2.0958],"irr":[0.066575,0.067775,0.068062,0.06739,0.067536],"repl_rate":[0.97104,0.993561,0.990372,0.979449,0.975964],"initial_real_benefit":[1163.05,1374.53,1592.56,1836.43,2125.12],"death_age":[86.2,86.7,87.3,87.8,88.3]},"flat_benefit":{"birth_years":[1970,1980,1990,2000,2010],"monthly_benefit":[1496,2018,2815,3963,5618],"pv_benefits":[259618,288716,336124,392428,462867],"pv_taxes":[96503,122926,157983,195459,230484],"ratio":[2.6903,2.3487,2.1276,2.0077,2.0082],"irr":[0.068139,0.067066,0.066806,0.066034,0.066196],"repl_rate":[1.019421,0.971889,0.952151,0.938481,0.935181],"initial_real_benefit":[1221,1344.55,1531.1,1759.62,2036.32],"death_age":[86.2,86.7,87.3,87.8,88.3]},"simpson_bowles_pia":{"birth_years":[1970,1980,1990,2000,2010],"monthly_benefit":[1423,2057,2919,4124,5846],"pv_benefits":[246983,294287,348502,408354,481638],"pv_taxes":[96503,122926,157983,195459,230484],"ratio":[2.5593,2.394,2.2059,2.0892,2.0897],"irr":[0.066544,0.067678,0.067967,0.067296,0.067444],"repl_rate":[0.969677,0.990671,0.987328,0.976607,0.973134],"initial_real_benefit":[1161.42,1370.53,1587.66,1831.1,2118.96],"death_age":[86.2,86.7,87.3,87.8,88.3]}}}
