{"meta":{"worker_type":"very_low","worker_label":"Very Low Earner","claim_age":65,"sex":"all","marital":"single","categories":["pia","nra"],"combo_keys":["reduce_fact3","flat_benefit","simpson_bowles_pia","nra_to_68","reduce_fact3+nra_to_68","flat_benefit+nra_to_68","simpson_bowles_pia+nra_to_68","index_nra","reduce_fact3+index_nra","flat_benefit+index_nra","simpson_bowles_pia+index_nra","nra_to_69_index","reduce_fact3+nra_to_69_index","flat_benefit+nra_to_69_index","simpson_bowles_pia+nra_to_69_index"]},"data":{"reduce_fact3":{"birth_years":[1970,1980,1990,2000,2010],"monthly_benefit":[1425,2063,2928,4136,5863],"pv_benefits":[247223,295173,349527,409567,483059],"pv_taxes":[96503,122926,157983,195459,230484],"ratio":[2.5618,2.4012,2.2124,2.0954,2.0958],"irr":[0.066575,0.067775,0.068062,0.06739,0.067536],"repl_rate":[0.97104,0.993561,0.990372,0.979449,0.975964],"initial_real_benefit":[1163.05,1374.53,1592.56,1836.43,2125.12],"death_age":[86.2,86.7,87.3,87.8,88.3]},"flat_benefit":{"birth_years":[1970,1980,1990,2000,2010],"monthly_benefit":[1496,2018,2815,3963,5618],"pv_benefits":[259618,288716,336124,392428,462867],"pv_taxes":[96503,122926,157983,195459,230484],"ratio":[2.6903,2.3487,2.1276,2.0077,2.0082],"irr":[0.068139,0.067066,0.066806,0.066034,0.066196],"repl_rate":[1.019421,0.971889,0.952151,0.938481,0.935181],"initial_real_benefit":[1221,1344.55,1531.1,1759.62,2036.32],"death_age":[86.2,86.7,87.3,87.8,88.3]},"simpson_bowles_pia":{"birth_years":[1970,1980,1990,2000,2010],"monthly_benefit":[1423,2057,2919,4124,5846],"pv_benefits":[246983,294287,348502,408354,481638],"pv_taxes":[96503,122926,157983,195459,230484],"ratio":[2.5593,2.394,2.2059,2.0892,2.0897],"irr":[0.066544,0.067678,0.067967,0.067296,0.067444],"repl_rate":[0.969677,0.990671,0.987328,0.976607,0.973134],"initial_real_benefit":[1161.42,1370.53,1587.66,1831.1,2118.96],"death_age":[86.2,86.7,87.3,87.8,88.3]},"nra_to_68":{"birth_years":[1970,1980,1990,2000,2010],"monthly_benefit":[1397,1957,2703,3818,5412],"pv_benefits":[242457,280030,322649,378051,445901],"pv_taxes":[96503,122926,157983,195459,230484],"ratio":[2.5124,2.278,2.0423,1.9342,1.9346],"irr":[0.065952,0.066086,0.06549,0.064848,0.065021],"repl_rate":[0.95196,0.94251,0.914268,0.904143,0.900889],"initial_real_benefit":[1140.2,1303.9,1470.18,1695.24,1961.65],"death_age":[86.2,86.7,87.3,87.8,88.3]},"reduce_fact3+nra_to_68":{"birth_years":[1970,1980,1990,2000,2010],"monthly_benefit":[1397,1957,2703,3818,5412],"pv_benefits":[242457,280030,322649,378051,445901],"pv_taxes":[96503,122926,157983,195459,230484],"ratio":[2.5124,2.278,2.0423,1.9342,1.9346],"irr":[0.065952,0.066086,0.06549,0.064848,0.065021],"repl_rate":[0.95196,0.94251,0.914268,0.904143,0.900889],"initial_real_benefit":[1140.2,1303.9,1470.18,1695.24,1961.65],"death_age":[86.2,86.7,87.3,87.8,88.3]},"flat_benefit+nra_to_68":{"birth_years":[1970,1980,1990,2000,2010],"monthly_benefit":[1467,1915,2599,3658,5186],"pv_benefits":[254612,273924,310261,362233,427264],"pv_taxes":[96503,122926,157983,195459,230484],"ratio":[2.6384,2.2284,1.9639,1.8532,1.8538],"irr":[0.067517,0.065378,0.064227,0.063487,0.063676],"repl_rate":[0.99966,0.922283,0.87909,0.866254,0.863269],"initial_real_benefit":[1197.33,1275.92,1413.61,1624.2,1879.74],"death_age":[86.2,86.7,87.3,87.8,88.3]},"simpson_bowles_pia+nra_to_68":{"birth_years":[1970,1980,1990,2000,2010],"monthly_benefit":[1396,1951,2695,3806,5396],"pv_benefits":[242252,279184,321676,376925,444580],"pv_taxes":[96503,122926,157983,195459,230484],"ratio":[2.5103,2.2712,2.0361,1.9284,1.9289],"irr":[0.065924,0.065989,0.065392,0.064753,0.064928],"repl_rate":[0.951278,0.939621,0.911562,0.901302,0.898226],"initial_real_benefit":[1139.38,1299.91,1465.83,1689.91,1955.85],"death_age":[86.2,86.7,87.3,87.8,88.3]},"index_nra":{"birth_years":[1970,1980,1990,2000,2010],"monthly_benefit":[1397,1957,2689,3698,5102],"pv_benefits":[242457,280030,320982,366239,420348],"pv_taxes":[96503,122926,157983,195459,230484],"ratio":[2.5124,2.278,2.0317,1.8737,1.8238],"irr":[0.065952,0.066086,0.065323,0.063837,0.063161],"repl_rate":[0.95196,0.94251,0.909532,0.875726,0.849286],"initial_real_benefit":[1140.2,1303.9,1462.57,1641.96,1849.29],"death_age":[86.2,86.7,87.3,87.8,88.3]},"reduce_fact3+index_nra":{"birth_years":[1970,1980,1990,2000,2010],"monthly_benefit":[1397,1957,2689,3698,5102],"pv_benefits":[242457,280030,320982,366239,420348],"pv_taxes":[96503,122926,157983,195459,230484],"ratio":[2.5124,2.278,2.0317,1.8737,1.8238],"irr":[0.065952,0.066086,0.065323,0.063837,0.063161],"repl_rate":[0.95196,0.94251,0.909532,0.875726,0.849286],"initial_real_benefit":[1140.2,1303.9,1462.57,1641.96,1849.29],"death_age":[86.2,86.7,87.3,87.8,88.3]},"flat_benefit+index_nra":{"birth_years":[1970,1980,1990,2000,2010],"monthly_benefit":[1467,1915,2585,3544,4889],"pv_benefits":[254612,273924,308644,350925,402779],"pv_taxes":[96503,122926,157983,195459,230484],"ratio":[2.6384,2.2284,1.9537,1.7954,1.7475],"irr":[0.067517,0.065378,0.064059,0.062475,0.061812],"repl_rate":[0.99966,0.922283,0.874355,0.839257,0.81383],"initial_real_benefit":[1197.33,1275.92,1406,1573.58,1772.08],"death_age":[86.2,86.7,87.3,87.8,88.3]},"simpson_bowles_pia+index_nra":{"birth_years":[1970,1980,1990,2000,2010],"monthly_benefit":[1396,1951,2681,3687,5087],"pv_benefits":[242252,279184,320015,365141,419110],"pv_taxes":[96503,122926,157983,195459,230484],"ratio":[2.5103,2.2712,2.0256,1.8681,1.8184],"irr":[0.065924,0.065989,0.065226,0.063742,0.063068],"repl_rate":[0.951278,0.939621,0.906826,0.873121,0.84679],"initial_real_benefit":[1139.38,1299.91,1458.21,1637.07,1843.85],"death_age":[86.2,86.7,87.3,87.8,88.3]},"nra_to_69_index":{"birth_years":[1970,1980,1990,2000,2010],"monthly_benefit":[1315,1765,2435,3340,4735],"pv_benefits":[228182,252578,290716,330800,390163],"pv_taxes":[96503,122926,157983,195459,230484],"ratio":[2.3645,2.0547,1.8402,1.6924,1.6928],"irr":[0.064004,0.062763,0.062124,0.060587,0.060805],"repl_rate":[0.896082,0.850041,0.823619,0.790948,0.788195],"initial_real_benefit":[1073.27,1175.98,1324.41,1483,1716.27],"death_age":[86.2,86.7,87.3,87.8,88.3]},"reduce_fact3+nra_to_69_index":{"birth_years":[1970,1980,1990,2000,2010],"monthly_benefit":[1315,1765,2435,3340,4735],"pv_benefits":[228182,252578,290716,330800,390163],"pv_taxes":[96503,122926,157983,195459,230484],"ratio":[2.3645,2.0547,1.8402,1.6924,1.6928],"irr":[0.064004,0.062763,0.062124,0.060587,0.060805],"repl_rate":[0.896082,0.850041,0.823619,0.790948,0.788195],"initial_real_benefit":[1073.27,1175.98,1324.41,1483,1716.27],"death_age":[86.2,86.7,87.3,87.8,88.3]},"flat_benefit+nra_to_69_index":{"birth_years":[1970,1980,1990,2000,2010],"monthly_benefit":[1381,1727,2342,3201,4538],"pv_benefits":[239628,247077,279556,316950,373846],"pv_taxes":[96503,122926,157983,195459,230484],"ratio":[2.4831,2.01,1.7695,1.6216,1.622],"irr":[0.065575,0.062051,0.060855,0.059217,0.059451],"repl_rate":[0.941057,0.83174,0.792162,0.758031,0.755402],"initial_real_benefit":[1127.14,1150.66,1273.83,1421.28,1644.86],"death_age":[86.2,86.7,87.3,87.8,88.3]},"simpson_bowles_pia+nra_to_69_index":{"birth_years":[1970,1980,1990,2000,2010],"monthly_benefit":[1314,1760,2428,3330,4721],"pv_benefits":[227997,251840,289845,329815,389008],"pv_taxes":[96503,122926,157983,195459,230484],"ratio":[2.3626,2.0487,1.8347,1.6874,1.6878],"irr":[0.063977,0.062668,0.062026,0.060492,0.060711],"repl_rate":[0.895401,0.847633,0.821251,0.78858,0.785865],"initial_real_benefit":[1072.46,1172.65,1320.61,1478.56,1711.19],"death_age":[86.2,86.7,87.3,87.8,88.3]}}}
